MontoCredito;IngresoNeto;CoefCreditoAvaluo;MontoCuota;GradoAcademico;BuenPagador
1;1;1;1;1;Si
3;1;1;1;1;Si
2;1;1;1;1;Si
1;2;1;1;1;Si
1;1;1;1;1;Si
2;1;1;1;1;Si
4;1;1;1;1;Si
1;2;1;1;1;Si
1;2;1;1;1;Si
3;2;1;1;1;Si
1;1;1;1;1;Si
1;2;1;1;1;Si
3;1;1;1;1;Si
3;1;1;1;1;Si
2;1;1;1;1;Si
3;1;1;1;1;Si
3;1;1;1;1;Si
1;1;1;1;1;Si
1;1;1;1;1;Si
3;1;1;1;1;Si
3;1;1;1;1;Si
3;1;1;1;1;Si
2;1;1;1;1;Si
2;1;1;2;1;Si
2;1;1;1;1;Si
2;1;1;1;1;Si
1;1;1;1;1;Si
1;1;1;1;1;Si
2;2;1;1;1;Si
1;2;1;1;1;Si
3;2;1;1;1;Si
3;1;1;1;1;Si
2;2;1;1;1;Si
3;1;1;1;1;Si
3;1;1;2;1;Si
3;2;1;1;1;Si
2;1;12;2;1;Si
1;1;12;2;1;Si
2;1;12;1;1;Si
2;2;12;1;1;Si
1;2;12;1;1;Si
1;2;12;1;1;Si
2;1;12;2;1;Si
2;1;12;1;1;Si
2;1;12;1;1;Si
1;1;12;1;1;Si
1;2;11;1;2;Si
2;2;4;1;2;Si
1;1;2;1;2;Si
1;1;12;1;2;Si
1;1;10;1;2;Si
3;1;11;1;2;Si
2;2;12;1;2;Si
1;1;12;1;2;Si
1;1;11;1;2;Si
1;2;12;1;2;Si
1;2;11;1;2;Si
1;1;12;1;1;Si
2;2;12;1;1;Si
1;2;12;1;1;Si
2;2;12;1;1;Si
1;2;12;1;1;Si
3;2;12;1;1;Si
3;2;12;1;1;Si
1;1;12;1;1;Si
2;1;12;1;1;Si
1;1;12;1;1;Si
1;2;12;1;1;Si
2;2;12;1;1;Si
1;2;4;1;2;Si
1;2;11;1;2;Si
2;2;5;1;2;Si
1;1;11;1;2;Si
1;1;12;1;1;Si
1;1;12;1;1;Si
1;1;12;1;1;Si
1;1;12;1;1;Si
2;2;12;1;1;Si
2;2;12;1;1;Si
2;2;12;1;1;Si
2;2;12;1;1;Si
1;2;12;1;1;Si
1;1;12;1;1;Si
2;2;12;1;1;Si
1;1;12;1;1;Si
1;1;12;3;1;Si
2;1;12;3;1;Si
2;1;12;3;1;Si
2;2;11;2;2;Si
1;2;11;2;2;Si
1;2;11;2;2;Si
1;1;11;2;2;Si
3;1;11;2;2;Si
1;2;11;2;2;Si
1;1;11;2;2;Si
2;2;11;2;2;Si
2;2;11;2;2;Si
1;2;11;2;2;Si
4;1;11;2;2;Si
1;2;3;2;2;Si
2;2;11;2;2;Si
1;1;11;2;2;Si
2;2;12;1;1;Si
1;1;12;1;1;Si
1;1;12;1;1;Si
1;2;12;1;1;Si
2;2;12;1;1;Si
1;1;12;1;1;Si
3;1;12;1;1;Si
1;2;12;1;1;Si
1;2;12;1;1;Si
1;2;12;1;1;Si
1;2;12;2;1;Si
4;2;12;2;1;Si
2;2;12;2;1;Si
1;2;12;2;1;Si
3;2;12;2;1;Si
1;2;12;2;1;Si
2;2;12;2;1;Si
1;2;11;2;1;Si
2;2;12;2;1;Si
3;1;11;2;2;Si
2;2;4;2;2;Si
1;2;11;2;2;Si
3;2;1;2;2;Si
2;2;11;2;2;Si
4;1;9;2;2;Si
1;1;11;2;2;Si
1;1;11;2;2;Si
1;1;11;2;2;Si
1;2;1;2;2;Si
2;2;12;2;2;Si
1;2;12;2;2;Si
1;2;11;2;2;Si
1;2;12;2;1;Si
2;2;12;2;1;Si
3;1;12;2;1;Si
3;1;12;3;1;Si
3;2;12;2;1;Si
2;2;12;2;1;Si
1;2;12;2;1;Si
2;1;12;2;1;Si
1;2;12;2;1;Si
4;1;12;2;1;Si
1;2;12;2;1;Si
1;2;12;2;1;Si
3;1;12;2;1;Si
3;1;12;2;1;Si
3;1;12;2;1;Si
2;1;12;2;1;Si
1;2;12;2;1;Si
1;2;12;2;1;Si
1;1;12;2;1;Si
3;1;12;2;1;Si
2;1;12;2;1;Si
1;2;12;2;1;Si
1;1;12;2;1;Si
2;2;12;2;1;Si
3;2;12;2;1;Si
1;1;12;2;1;Si
4;1;9;2;2;Si
2;2;12;2;2;Si
1;2;11;2;2;Si
2;2;11;2;2;Si
2;1;11;2;2;Si
4;1;12;2;2;Si
1;2;11;2;2;Si
1;2;4;2;2;Si
3;1;11;2;2;Si
1;2;1;2;2;Si
1;2;6;2;2;Si
2;2;12;2;2;Si
3;1;12;2;2;Si
2;2;5;2;2;Si
2;1;10;2;2;Si
3;1;12;2;2;Si
2;2;5;2;2;Si
1;2;11;2;2;Si
1;1;11;2;2;Si
2;1;12;2;2;Si
1;1;9;2;2;Si
1;2;6;2;2;Si
1;2;11;2;2;Si
3;1;12;2;1;Si
1;1;12;2;1;Si
1;2;12;2;1;Si
1;2;12;2;1;Si
1;2;12;2;1;Si
1;2;12;2;1;Si
1;2;12;2;1;Si
4;1;12;2;1;Si
1;2;12;2;1;Si
3;1;12;2;1;Si
1;2;12;2;1;Si
2;1;12;2;1;Si
1;2;12;2;1;Si
1;1;12;2;1;Si
3;1;12;2;1;Si
1;2;12;2;1;Si
1;2;12;2;1;Si
1;2;12;2;1;Si
3;1;12;2;1;Si
2;1;12;2;1;Si
1;1;12;2;1;Si
1;2;12;2;1;Si
3;2;12;2;1;Si
3;2;12;2;1;Si
1;2;12;2;1;Si
3;2;12;2;1;Si
3;2;12;2;1;Si
3;1;12;2;1;Si
3;2;12;2;1;Si
2;2;12;2;1;Si
2;1;12;2;1;Si
2;1;12;2;1;Si
1;2;12;2;1;Si
2;1;12;2;1;Si
2;2;12;2;1;Si
1;1;12;2;1;Si
1;1;12;3;1;Si
1;2;12;2;1;Si
1;1;12;2;1;Si
1;2;12;2;1;Si
2;2;12;2;1;Si
1;2;12;2;1;Si
2;2;12;2;1;Si
1;2;12;2;1;Si
1;2;12;2;1;Si
1;1;12;2;1;Si
1;2;12;2;1;Si
3;2;3;1;2;Si
3;2;12;1;2;Si
1;2;7;1;2;Si
1;2;11;1;2;Si
1;2;7;1;2;Si
1;2;7;1;2;Si
1;2;7;1;2;Si
4;1;11;1;2;Si
2;1;3;1;2;Si
1;2;1;1;2;Si
3;1;12;2;1;Si
1;2;12;2;1;Si
1;2;12;2;1;Si
3;1;12;2;1;Si
3;1;12;2;1;Si
3;1;12;2;1;Si
2;2;12;2;1;Si
3;1;12;2;1;Si
3;1;12;2;1;Si
4;1;12;2;1;Si
3;1;12;2;1;Si
1;2;12;2;1;Si
3;1;4;2;2;Si
3;1;12;2;2;Si
1;2;6;2;2;Si
1;2;11;2;2;Si
1;2;11;2;2;Si
1;2;11;2;2;Si
1;2;11;2;2;Si
2;1;12;2;2;Si
2;1;12;2;2;Si
3;1;12;2;2;Si
3;2;11;2;2;Si
1;2;6;2;2;Si
1;2;11;2;2;Si
1;2;6;2;2;Si
1;1;9;2;2;Si
3;1;12;2;2;Si
1;2;6;2;2;Si
1;2;7;2;2;Si
1;2;11;2;2;Si
1;2;11;2;2;Si
3;1;4;2;2;Si
2;2;12;2;2;Si
2;1;12;2;2;Si
2;2;11;2;2;Si
1;2;11;2;2;Si
2;2;12;2;2;Si
2;2;12;2;2;Si
3;1;12;2;2;Si
1;1;4;2;2;Si
3;1;11;2;2;Si
2;2;11;2;2;Si
1;1;9;2;2;Si
1;1;12;2;2;Si
3;2;12;2;1;Si
4;2;12;2;1;Si
3;1;12;2;1;Si
1;2;12;2;1;Si
1;2;12;2;1;Si
1;1;12;2;1;Si
3;2;12;2;1;Si
1;2;12;2;1;Si
2;1;12;3;1;Si
4;2;12;2;1;Si
3;1;12;2;1;Si
4;2;12;2;1;Si
2;2;12;2;1;Si
2;2;12;2;1;Si
3;1;12;2;1;Si
1;1;12;2;1;Si
2;2;12;2;1;Si
2;1;12;3;1;Si
2;2;12;2;1;Si
1;2;12;2;1;Si
1;2;12;2;1;Si
3;1;12;2;1;Si
2;2;12;2;1;Si
1;2;12;2;1;Si
2;2;12;2;1;Si
1;1;12;2;1;Si
2;2;12;2;1;Si
4;2;12;2;1;Si
2;1;12;2;1;Si
1;2;12;2;1;Si
2;2;12;2;1;Si
1;2;12;2;1;Si
1;2;12;2;1;Si
1;2;12;2;1;Si
2;2;12;2;1;Si
2;2;12;2;1;Si
1;1;12;2;1;Si
2;2;12;2;1;Si
1;1;12;2;1;Si
3;1;12;2;1;Si
1;2;12;2;1;Si
2;2;12;2;1;Si
2;2;12;2;1;Si
2;2;12;2;1;Si
2;2;12;2;1;Si
1;1;12;2;1;Si
2;2;12;2;1;Si
3;2;12;2;1;Si
2;2;11;2;1;Si
1;2;12;2;1;Si
1;2;12;2;1;Si
2;2;12;2;1;Si
1;2;12;2;1;Si
3;1;12;2;1;Si
1;1;12;2;1;Si
1;2;12;2;1;Si
2;2;4;2;2;Si
2;2;12;2;2;Si
1;2;6;2;2;Si
2;2;11;2;2;Si
3;1;12;2;2;Si
1;2;11;2;2;Si
1;2;11;2;2;Si
1;2;12;2;2;Si
3;1;11;2;2;Si
1;2;11;2;2;Si
1;2;11;2;2;Si
1;2;11;2;2;Si
3;2;11;2;2;Si
2;2;11;2;2;Si
2;1;11;2;2;Si
2;1;11;2;2;Si
1;2;4;2;2;Si
1;2;11;2;2;Si
3;1;12;2;2;Si
3;1;9;2;2;Si
2;2;12;2;2;Si
2;2;11;2;2;Si
3;1;12;2;1;Si
1;2;7;2;2;Si
1;1;11;2;2;Si
1;1;11;2;2;Si
1;1;11;2;2;Si
3;2;12;2;2;Si
2;1;11;2;2;Si
1;2;11;2;2;Si
1;1;11;2;2;Si
1;1;11;2;2;Si
1;1;11;2;2;Si
1;1;11;2;2;Si
1;1;11;2;2;Si
2;1;12;2;1;Si
1;2;12;2;1;Si
1;1;11;2;2;Si
1;2;11;2;2;Si
2;2;11;2;2;Si
1;1;12;2;2;Si
1;1;11;2;2;Si
1;1;12;2;1;Si
3;1;4;2;2;Si
4;1;11;2;2;Si
3;1;12;2;1;Si
3;1;12;2;1;Si
2;1;12;2;1;Si
2;2;12;2;1;Si
2;2;12;2;1;Si
1;2;11;2;2;Si
2;1;12;2;2;Si
2;2;12;2;1;Si
3;2;12;2;1;Si
1;1;12;2;1;Si
1;2;11;2;2;Si
1;1;11;2;2;Si
2;2;11;2;2;Si
2;2;11;2;2;Si
1;2;11;2;2;Si
1;1;11;2;2;Si
1;1;11;2;2;Si
2;2;12;2;1;Si
1;2;11;2;2;Si
3;1;1;2;2;Si
3;1;1;2;2;Si
3;1;11;2;2;Si
1;2;11;2;2;Si
1;2;11;2;2;Si
2;2;12;2;2;Si
1;2;11;2;2;Si
1;1;11;2;2;Si
1;2;11;2;2;Si
1;2;11;2;2;Si
1;1;11;2;2;Si
4;1;4;2;2;Si
2;1;11;2;2;Si
1;1;4;2;2;Si
2;2;12;2;2;Si
2;1;11;2;2;Si
1;2;12;2;1;Si
2;2;12;2;1;Si
4;1;12;2;1;Si
2;2;12;2;1;Si
2;2;12;2;1;Si
3;2;12;2;1;Si
2;2;11;2;1;Si
1;2;12;2;1;Si
3;1;12;2;1;Si
2;2;12;2;1;Si
3;1;12;2;1;Si
1;2;12;2;1;Si
3;2;12;2;1;Si
2;2;12;2;1;Si
1;2;12;2;1;Si
1;2;12;2;1;Si
1;1;12;2;1;Si
1;1;12;2;1;Si
4;2;12;2;1;Si
2;2;12;2;1;Si
1;1;12;2;1;Si
1;1;12;2;1;Si
1;2;12;2;1;Si
1;1;12;3;1;Si
1;2;12;2;1;Si
4;2;12;2;1;Si
3;2;12;2;1;Si
1;2;12;2;1;Si
1;2;12;2;1;Si
1;2;12;2;1;Si
2;2;12;2;1;Si
2;2;12;2;1;Si
1;2;12;2;1;Si
1;1;12;2;1;Si
1;2;12;2;1;Si
1;2;12;2;1;Si
1;2;12;2;1;Si
2;2;12;2;1;Si
1;2;12;2;1;Si
1;2;12;2;1;Si
1;2;12;2;1;Si
1;1;12;2;1;Si
1;1;12;2;1;Si
1;2;12;2;1;Si
4;1;4;2;1;Si
1;2;12;2;1;Si
1;2;12;2;1;Si
1;2;12;2;1;Si
2;1;12;3;1;Si
2;1;12;2;1;Si
1;1;12;2;1;Si
1;1;12;2;1;Si
1;2;12;2;1;Si
1;2;12;2;1;Si
1;1;12;2;1;Si
1;2;12;2;1;Si
2;1;12;3;1;Si
1;2;12;2;1;Si
3;1;12;2;1;Si
1;2;12;2;1;Si
2;2;12;2;1;Si
2;1;12;2;1;Si
1;1;12;2;1;Si
2;1;12;2;1;Si
1;1;12;2;1;Si
1;2;12;2;1;Si
1;2;12;2;1;Si
1;1;12;2;1;Si
1;2;12;2;1;Si
1;2;12;2;1;Si
1;2;12;2;1;Si
3;1;12;2;1;Si
2;1;12;2;1;Si
2;2;12;2;1;Si
3;2;12;2;1;Si
3;1;12;2;1;Si
4;1;12;2;1;Si
1;2;12;2;1;Si
2;2;12;2;1;Si
1;1;12;2;1;Si
4;1;1;2;1;Si
1;2;12;2;1;Si
1;2;12;2;1;Si
1;1;12;2;1;Si
2;1;12;2;1;Si
1;2;12;2;1;Si
1;1;12;2;1;Si
1;1;11;2;2;Si
4;1;4;2;2;Si
3;1;4;2;2;Si
1;2;11;2;2;Si
2;2;3;2;2;Si
2;2;11;2;2;Si
2;1;5;2;2;Si
1;2;6;2;2;Si
2;2;11;2;2;Si
2;2;11;2;2;Si
1;1;12;2;2;Si
1;1;11;2;2;Si
3;1;4;2;2;Si
3;2;12;2;2;Si
2;1;5;2;2;Si
1;2;11;2;2;Si
2;1;4;2;2;Si
3;1;4;2;2;Si
4;1;12;2;2;Si
1;1;11;2;2;Si
2;2;11;2;2;Si
2;2;11;2;2;Si
1;1;4;2;2;Si
1;2;11;2;2;Si
2;1;4;2;2;Si
1;2;5;2;2;Si
2;2;5;2;2;Si
1;2;11;2;2;Si
1;1;10;2;2;Si
1;1;11;2;2;Si
2;2;12;2;2;Si
1;2;11;2;2;Si
3;1;12;2;2;Si
1;1;4;2;2;Si
2;1;10;2;2;Si
1;2;11;2;2;Si
1;1;4;2;2;Si
2;2;6;2;2;Si
2;1;11;2;2;Si
3;1;4;2;2;Si
2;2;6;2;2;Si
1;2;11;2;2;Si
2;1;10;2;2;Si
1;1;7;2;2;Si
1;2;12;2;1;Si
3;1;12;2;1;Si
2;2;11;2;2;Si
1;1;12;2;1;Si
2;1;11;2;2;Si
2;1;12;2;2;Si
2;2;11;2;2;Si
1;1;12;2;2;Si
1;1;11;2;2;Si
2;2;11;2;2;Si
1;2;12;2;1;Si
1;2;12;2;1;Si
1;2;12;2;1;Si
2;1;4;2;2;Si
1;1;11;2;2;Si
1;1;12;2;1;Si
2;2;5;2;2;Si
1;1;12;2;1;Si
3;1;12;2;1;Si
2;2;12;2;1;Si
2;2;11;2;2;Si
1;2;12;2;2;Si
2;2;11;2;2;Si
1;1;12;2;1;Si
1;1;12;4;1;Si
2;2;12;2;2;Si
1;2;11;2;2;Si
3;1;5;2;2;Si
2;2;11;2;2;Si
2;1;11;2;2;Si
1;2;12;2;2;Si
3;2;11;2;2;Si
1;2;12;3;2;Si
2;2;11;3;2;Si
1;2;12;2;1;Si
1;2;12;2;1;Si
1;1;12;3;1;Si
2;2;12;2;1;Si
1;1;12;2;1;Si
1;1;12;4;1;Si
1;1;12;4;1;Si
1;1;12;2;1;Si
1;2;12;2;1;Si
3;1;12;2;1;Si
1;2;12;2;1;Si
2;2;12;2;1;Si
2;2;12;2;1;Si
1;2;12;2;1;Si
2;1;12;2;1;Si
1;2;12;2;1;Si
2;1;12;2;1;Si
3;2;12;2;1;Si
3;2;12;2;1;Si
4;1;12;2;1;Si
1;2;12;2;1;Si
2;2;12;2;1;Si
2;2;12;2;1;Si
1;1;12;2;1;Si
3;2;12;2;1;Si
4;2;12;2;1;Si
2;2;12;2;1;Si
1;2;12;2;1;Si
1;2;12;2;1;Si
2;2;12;2;1;Si
1;1;12;2;1;Si
2;2;12;2;1;Si
3;1;12;2;1;Si
4;2;12;2;1;Si
4;2;12;2;1;Si
4;1;1;2;1;Si
1;2;7;2;1;Si
2;2;12;2;1;Si
2;2;12;2;1;Si
2;1;12;2;1;Si
1;1;12;3;1;Si
4;1;12;2;1;Si
1;1;12;2;1;Si
4;2;12;2;1;Si
4;1;12;2;1;Si
4;2;12;2;1;Si
4;2;12;2;1;Si
3;1;12;2;1;Si
4;2;12;2;1;Si
3;2;12;2;1;Si
1;2;12;2;1;Si
1;2;11;2;1;Si
4;2;12;2;1;Si
3;1;12;2;1;Si
4;2;12;2;1;Si
1;2;11;2;1;Si
1;2;11;3;2;Si
1;1;11;3;2;Si
3;1;4;3;2;Si
1;2;11;3;2;Si
1;2;11;3;2;Si
1;2;11;3;2;Si
1;2;6;3;2;Si
2;2;11;3;2;Si
1;2;7;3;2;Si
1;2;11;3;2;Si
2;2;12;3;2;Si
3;1;1;3;2;Si
2;1;11;3;2;Si
1;2;6;3;2;Si
1;2;11;3;2;Si
2;2;12;3;2;Si
1;1;12;3;2;Si
1;1;12;3;2;Si
1;1;12;3;2;Si
1;1;12;3;2;Si
1;1;12;3;2;Si
1;2;7;3;2;Si
1;2;7;3;2;Si
1;2;11;3;2;Si
1;1;4;3;2;Si
1;2;12;3;2;Si
1;2;11;3;2;Si
2;2;11;3;2;Si
3;1;4;3;2;Si
3;2;12;3;2;Si
1;2;12;3;2;Si
2;1;4;3;2;Si
3;1;11;3;2;Si
1;2;11;3;2;Si
1;1;11;3;2;Si
1;2;11;3;2;Si
2;1;10;3;2;Si
1;2;11;3;2;Si
3;2;11;3;2;Si
1;2;11;3;2;Si
1;2;1;3;2;Si
3;1;4;3;2;Si
2;1;1;3;2;Si
3;1;1;3;2;Si
1;2;11;3;2;Si
1;2;11;3;2;Si
3;2;2;3;2;Si
2;1;11;3;2;Si
4;1;10;3;2;Si
3;2;5;3;2;Si
1;2;11;3;2;Si
2;1;4;3;2;Si
4;1;10;3;2;Si
2;2;11;3;2;Si
1;2;11;3;2;Si
1;2;11;3;2;Si
3;1;4;3;2;Si
3;1;12;3;2;Si
3;2;5;3;2;Si
1;2;11;3;2;Si
1;2;11;3;2;Si
3;1;4;3;2;Si
1;2;6;3;2;Si
4;1;11;3;2;Si
1;2;11;3;2;Si
2;2;11;3;2;Si
3;1;1;3;2;Si
1;2;11;3;2;Si
1;2;12;2;1;Si
1;1;12;2;1;Si
2;2;12;2;1;Si
4;2;12;2;1;Si
1;1;12;2;1;Si
3;1;12;2;1;Si
4;2;12;2;1;Si
1;2;12;2;1;Si
4;2;12;2;1;Si
3;1;12;2;1;Si
1;2;12;2;1;Si
1;2;12;2;1;Si
1;2;12;2;1;Si
1;1;12;2;1;Si
1;1;12;2;1;Si
2;2;12;2;1;Si
3;1;12;2;1;Si
1;2;11;3;2;Si
1;1;4;3;2;Si
2;2;5;3;2;Si
1;2;6;3;2;Si
1;2;11;3;2;Si
2;2;11;3;2;Si
4;1;11;3;2;Si
2;1;11;3;2;Si
2;2;12;3;2;Si
3;1;10;3;2;Si
1;2;6;3;2;Si
2;1;10;3;2;Si
1;2;11;3;2;Si
2;1;10;3;2;Si
3;1;1;3;2;Si
2;2;11;3;2;Si
3;1;12;2;1;Si
2;1;12;2;1;Si
1;2;12;2;1;Si
3;1;12;2;1;Si
2;1;12;2;1;Si
4;2;12;2;1;Si
3;2;12;2;1;Si
1;2;12;2;1;Si
3;1;12;2;1;Si
1;2;12;2;1;Si
2;2;12;2;1;Si
1;2;12;2;1;Si
2;2;12;2;1;Si
1;2;12;2;1;Si
3;1;12;2;1;Si
1;2;12;2;1;Si
2;2;12;2;1;Si
4;1;12;2;1;Si
2;2;12;2;1;Si
2;2;12;2;1;Si
1;2;12;2;1;Si
1;1;12;2;1;Si
2;2;12;2;1;Si
1;2;12;2;1;Si
1;2;12;2;1;Si
1;2;12;2;1;Si
2;2;12;2;1;Si
1;2;12;2;1;Si
1;2;12;2;1;Si
1;2;12;2;1;Si
1;2;12;2;1;Si
4;1;12;2;1;Si
3;1;12;2;1;Si
1;1;12;4;1;Si
1;2;12;2;1;Si
1;2;12;2;1;Si
1;2;12;2;1;Si
1;2;12;2;1;Si
2;1;12;2;1;Si
3;1;12;2;1;Si
3;1;12;2;1;Si
1;2;12;2;1;Si
2;1;12;2;1;Si
1;2;12;2;1;Si
1;2;12;2;1;Si
1;2;12;2;1;Si
1;1;12;2;1;Si
1;2;12;2;1;Si
2;1;12;2;1;Si
1;2;12;2;1;Si
1;1;12;2;1;Si
1;2;12;2;1;Si
2;2;12;2;1;Si
2;1;12;2;1;Si
3;2;12;2;1;Si
3;1;12;2;1;Si
1;2;12;2;1;Si
1;2;12;2;1;Si
1;1;12;2;1;Si
1;2;12;2;1;Si
1;2;12;2;1;Si
1;2;12;2;1;Si
2;1;12;2;1;Si
1;2;12;2;1;Si
4;1;12;2;1;Si
3;1;12;3;1;Si
2;2;12;2;1;Si
1;2;12;2;1;Si
3;2;12;2;1;Si
3;1;12;2;1;Si
2;1;12;2;1;Si
3;2;12;2;1;Si
1;2;12;2;1;Si
1;1;12;2;1;Si
1;2;12;2;1;Si
3;1;12;2;1;Si
4;1;12;2;1;Si
3;1;12;3;1;Si
3;2;12;3;1;Si
2;1;12;3;1;Si
4;1;12;3;1;Si
3;2;12;3;1;Si
3;1;12;3;1;Si
2;2;12;3;1;Si
1;2;12;3;1;Si
3;1;12;3;1;Si
2;2;12;3;1;Si
4;1;12;3;1;Si
3;1;12;3;1;Si
3;1;12;3;1;Si
3;2;12;3;1;Si
3;2;12;3;1;Si
1;2;12;3;1;Si
2;2;12;3;1;Si
2;2;12;3;1;Si
2;1;12;3;1;Si
4;1;12;3;1;Si
1;2;12;3;1;Si
2;2;12;3;1;Si
1;2;12;3;1;Si
2;2;12;3;1;Si
1;2;12;3;1;Si
2;1;12;3;1;Si
1;2;12;3;1;Si
1;2;12;3;1;Si
1;2;12;3;1;Si
2;1;12;3;1;Si
1;2;12;3;1;Si
1;2;12;3;1;Si
2;2;12;3;1;Si
2;1;12;3;1;Si
2;2;12;3;1;Si
1;2;12;3;1;Si
1;1;12;3;1;Si
2;2;12;3;1;Si
3;1;12;3;1;Si
3;1;12;3;1;Si
1;2;12;3;1;Si
3;2;12;3;1;Si
1;2;12;3;1;Si
2;1;12;3;1;Si
1;2;12;3;1;Si
3;2;12;3;1;Si
1;2;12;3;1;Si
1;2;11;3;2;Si
1;2;11;3;2;Si
2;2;8;3;2;Si
1;2;12;3;2;Si
2;2;5;3;2;Si
1;2;5;3;2;Si
1;2;1;3;2;Si
1;1;4;3;2;Si
2;1;5;3;2;Si
2;2;5;3;2;Si
1;2;12;3;2;Si
2;1;10;3;2;Si
1;1;5;3;2;Si
2;1;9;3;2;Si
2;2;11;3;2;Si
1;2;11;3;2;Si
2;1;11;3;2;Si
3;2;12;3;2;Si
2;2;11;3;2;Si
1;2;11;3;2;Si
2;1;5;3;2;Si
1;2;11;3;2;Si
3;1;1;3;2;Si
1;1;10;3;2;Si
2;2;12;3;2;Si
2;1;12;3;2;Si
2;1;12;3;2;Si
2;2;12;3;2;Si
1;1;11;3;2;Si
2;2;5;3;2;Si
1;2;11;3;2;Si
1;2;11;3;2;Si
1;2;12;3;2;Si
1;1;11;3;2;Si
2;1;12;3;2;Si
1;1;11;3;2;Si
1;2;11;3;2;Si
1;2;11;3;2;Si
1;2;11;3;2;Si
2;1;10;3;2;Si
1;2;5;3;2;Si
3;1;12;3;2;Si
1;2;11;3;2;Si
2;1;11;3;2;Si
3;2;11;3;2;Si
1;2;11;3;2;Si
1;2;12;3;2;Si
1;2;6;3;2;Si
3;1;11;3;2;Si
2;2;11;3;2;Si
1;2;11;3;2;Si
3;2;11;3;2;Si
1;2;11;3;2;Si
1;1;11;3;2;Si
1;2;11;3;2;Si
2;1;12;3;2;Si
1;2;12;3;2;Si
1;1;12;3;2;Si
1;2;11;3;2;Si
1;2;6;3;2;Si
2;2;12;3;2;Si
2;2;11;3;2;Si
1;2;7;3;2;Si
2;2;5;3;2;Si
1;2;11;3;2;Si
2;2;12;3;2;Si
1;2;5;3;2;Si
3;1;12;3;2;Si
2;2;11;3;2;Si
3;1;4;3;2;Si
1;2;12;3;1;Si
1;2;12;3;1;Si
2;2;12;3;1;Si
1;2;12;3;1;Si
4;2;12;3;1;Si
2;1;12;3;1;Si
2;1;12;3;1;Si
3;2;12;3;1;Si
2;2;12;3;1;Si
2;2;12;3;1;Si
1;2;12;3;1;Si
1;2;5;3;2;Si
1;2;5;3;2;Si
2;1;11;3;2;Si
1;1;12;3;2;Si
2;2;5;3;2;Si
1;1;9;3;2;Si
1;1;12;3;2;Si
1;2;12;3;1;Si
1;2;12;3;1;Si
1;2;12;3;1;Si
1;2;12;3;1;Si
1;2;12;3;1;Si
2;1;12;3;1;Si
1;1;12;3;1;Si
3;2;12;3;1;Si
3;2;12;3;1;Si
4;2;12;3;1;Si
1;2;12;3;1;Si
2;2;12;3;1;Si
2;2;12;3;1;Si
3;1;12;3;1;Si
1;2;11;3;1;Si
3;1;12;2;1;Si
3;1;12;3;1;Si
3;2;12;3;1;Si
4;1;12;3;1;Si
2;2;12;3;1;Si
1;2;12;3;1;Si
1;2;12;3;1;Si
1;2;12;3;1;Si
1;2;12;3;1;Si
2;2;12;3;1;Si
1;2;12;3;1;Si
1;1;12;3;1;Si
3;1;12;3;1;Si
1;1;12;3;1;Si
1;2;12;3;1;Si
4;2;12;3;1;Si
2;1;12;3;1;Si
3;2;12;3;1;Si
2;2;12;3;1;Si
2;2;12;3;1;Si
3;2;12;3;1;Si
1;2;12;3;1;Si
2;2;12;3;1;Si
2;2;12;3;1;Si
2;1;12;3;1;Si
2;1;12;3;1;Si
1;2;12;3;1;Si
1;1;12;3;1;Si
1;2;12;3;1;Si
2;2;12;3;1;Si
2;1;12;3;1;Si
2;1;12;3;1;Si
1;2;12;3;1;Si
4;1;12;3;1;Si
2;2;12;3;1;Si
2;2;12;3;1;Si
3;1;12;3;1;Si
3;1;12;3;1;Si
1;2;12;3;1;Si
2;2;12;3;1;Si
1;1;12;3;1;Si
3;1;12;1;2;Si
3;2;12;1;2;Si
2;1;12;2;2;Si
3;1;1;2;2;Si
3;1;12;3;2;Si
1;1;1;3;2;Si
1;2;12;3;2;Si
3;2;3;3;2;Si
2;2;3;3;2;Si
1;1;11;3;2;Si
1;2;5;3;2;Si
1;2;6;3;2;Si
1;2;5;3;2;Si
1;2;11;3;2;Si
1;2;11;3;2;Si
1;2;7;3;2;Si
1;2;11;3;2;Si
1;2;6;3;2;Si
1;1;10;3;2;Si
2;2;11;3;2;Si
2;1;9;3;2;Si
1;2;12;3;2;Si
1;1;11;3;2;Si
3;1;9;3;2;Si
1;2;11;3;2;Si
3;2;5;3;2;Si
1;2;1;3;2;Si
1;2;11;3;2;Si
2;1;4;3;2;Si
1;2;12;3;2;Si
3;1;10;3;2;Si
3;1;1;3;2;Si
1;2;11;3;2;Si
4;1;4;3;2;Si
2;2;11;3;2;Si
2;1;12;3;2;Si
2;2;7;3;2;Si
3;2;3;3;2;Si
2;2;11;3;2;Si
1;2;12;3;2;Si
2;2;11;3;2;Si
1;2;12;3;2;Si
4;1;11;3;2;Si
1;2;5;3;2;Si
1;2;6;3;2;Si
2;1;11;3;2;Si
1;2;5;3;2;Si
1;2;11;3;2;Si
3;1;1;3;2;Si
1;1;11;3;2;Si
1;2;7;3;2;Si
2;2;5;3;2;Si
3;1;10;3;2;Si
2;1;3;3;2;Si
2;1;10;3;2;Si
2;1;11;3;2;Si
2;2;11;3;2;Si
3;1;4;3;2;Si
1;1;11;3;2;Si
1;2;11;3;2;Si
1;2;7;3;2;Si
2;1;7;3;2;Si
1;2;11;3;2;Si
2;1;11;3;2;Si
1;1;11;3;2;Si
2;1;11;3;2;Si
1;1;7;3;1;Si
1;1;7;3;2;Si
3;1;12;3;2;Si
3;1;12;3;2;Si
2;1;11;3;2;Si
2;1;11;3;2;Si
1;1;7;3;2;Si
2;2;4;3;2;Si
4;1;11;3;2;Si
3;1;12;3;2;Si
1;1;11;3;2;Si
2;1;11;3;2;Si
1;1;11;3;2;Si
2;1;11;3;2;Si
2;1;11;3;2;Si
2;1;12;3;2;Si
1;2;12;3;1;Si
1;2;12;3;1;Si
1;2;12;3;1;Si
4;1;12;3;1;Si
2;1;12;4;1;Si
3;2;12;3;1;Si
1;2;12;3;1;Si
1;2;12;3;1;Si
1;2;12;3;1;Si
2;2;11;3;2;Si
1;2;7;3;2;Si
2;1;12;3;2;Si
1;2;11;3;2;Si
1;2;7;3;2;Si
1;2;12;3;2;Si
1;2;11;3;2;Si
1;2;7;3;2;Si
2;2;11;3;2;Si
1;1;12;3;2;Si
2;2;7;3;2;Si
2;1;11;3;2;Si
2;2;11;3;2;Si
1;2;11;3;2;Si
1;1;4;3;2;Si
1;1;11;3;2;Si
1;2;7;3;2;Si
2;2;11;3;2;Si
1;2;11;3;2;Si
1;1;11;3;2;Si
2;2;12;3;1;Si
1;2;12;3;1;Si
1;1;12;3;1;Si
2;2;12;3;1;Si
1;1;12;3;1;Si
1;2;12;3;1;Si
1;2;12;3;1;Si
2;1;12;3;1;Si
1;1;12;3;1;Si
3;1;12;3;1;Si
1;1;12;3;1;Si
3;1;12;3;1;Si
3;1;12;3;1;Si
2;2;12;3;1;Si
1;2;12;3;1;Si
3;1;12;3;1;Si
1;1;12;3;1;Si
2;1;12;3;1;Si
1;1;12;3;1;Si
1;1;12;3;1;Si
1;1;12;3;1;Si
3;2;12;3;1;Si
4;1;1;3;1;Si
1;2;12;3;1;Si
1;2;12;3;1;Si
1;2;12;3;1;Si
1;1;12;3;1;Si
2;2;12;3;1;Si
1;2;12;3;1;Si
3;2;12;3;1;Si
3;1;12;3;1;Si
1;2;11;3;1;Si
2;2;12;3;1;Si
1;2;12;3;1;Si
1;2;12;3;1;Si
2;2;12;3;1;Si
1;2;12;3;1;Si
3;1;12;3;1;Si
1;2;12;3;1;Si
2;2;12;3;1;Si
4;1;12;3;1;Si
2;1;12;3;1;Si
1;2;12;3;1;Si
1;1;12;3;1;Si
1;2;12;3;1;Si
3;1;12;3;1;Si
3;1;12;3;1;Si
1;1;12;3;1;Si
2;2;12;3;1;Si
1;1;12;3;1;Si
1;2;12;3;1;Si
1;2;12;3;1;Si
1;2;12;3;1;Si
1;2;12;3;1;Si
2;1;12;3;1;Si
2;1;12;3;1;Si
2;1;12;3;1;Si
1;2;12;3;1;Si
3;1;12;3;1;Si
2;2;12;3;1;Si
1;1;12;3;1;Si
1;2;12;3;1;Si
1;1;12;3;1;Si
1;2;12;3;1;Si
2;1;12;3;1;Si
2;2;12;3;1;Si
1;2;12;3;1;Si
1;2;12;3;1;Si
1;1;12;3;1;Si
1;2;12;3;1;Si
1;2;12;3;1;Si
2;2;12;3;1;Si
1;1;12;3;1;Si
3;2;12;3;1;Si
2;2;12;3;1;Si
3;1;12;3;1;Si
2;2;11;3;2;Si
1;2;6;3;2;Si
2;2;11;3;2;Si
3;2;11;3;2;Si
4;1;11;3;2;Si
3;2;11;3;2;Si
1;2;7;3;2;Si
1;2;7;3;2;Si
2;2;11;3;2;Si
2;2;12;3;2;Si
2;2;7;3;2;Si
2;2;11;3;2;Si
1;2;7;3;2;Si
1;2;7;3;2;Si
1;1;11;3;2;Si
3;2;11;3;2;Si
3;1;11;3;2;Si
2;1;11;3;2;Si
1;2;7;3;2;Si
4;1;11;3;2;Si
2;1;11;3;2;Si
2;1;12;3;2;Si
2;2;11;3;2;Si
3;1;11;3;2;Si
2;1;11;3;2;Si
1;2;11;3;2;Si
1;2;7;3;2;Si
2;2;11;3;2;Si
2;1;10;3;2;Si
2;1;11;3;2;Si
2;1;1;3;2;Si
1;2;7;3;2;Si
3;2;4;3;2;Si
1;2;11;3;2;Si
4;1;12;3;2;Si
2;1;11;3;2;Si
1;1;11;3;2;Si
1;2;11;3;2;Si
1;2;11;3;2;Si
3;1;4;3;2;Si
1;2;1;3;2;Si
1;2;11;3;2;Si
1;2;1;3;2;Si
1;2;1;3;2;Si
1;2;7;3;2;Si
1;1;11;3;2;Si
4;1;12;3;2;Si
1;2;11;3;2;Si
3;2;5;3;2;Si
1;2;11;3;2;Si
2;2;5;3;2;Si
1;1;11;3;2;Si
4;1;12;3;2;Si
1;1;11;3;2;Si
1;2;5;3;2;Si
1;1;11;3;2;Si
2;2;1;3;2;Si
1;1;11;3;2;Si
1;1;11;3;2;Si
1;1;11;3;2;Si
1;1;11;3;2;Si
3;2;11;3;2;Si
1;1;11;3;2;Si
1;1;12;3;2;Si
1;1;11;3;2;Si
3;1;11;3;2;Si
2;1;11;3;2;Si
1;1;11;3;2;Si
1;1;11;3;2;Si
2;1;11;3;2;Si
2;1;11;3;2;Si
1;1;11;3;2;Si
2;1;11;3;2;Si
1;1;11;3;2;Si
1;2;5;3;2;Si
1;2;11;3;2;Si
1;2;11;3;2;Si
1;2;7;3;2;Si
1;2;11;3;2;Si
1;1;11;3;2;Si
2;2;12;3;1;Si
4;1;12;3;1;Si
1;2;12;3;1;Si
2;2;12;3;1;Si
4;1;12;3;1;Si
2;1;12;3;1;Si
2;2;12;3;1;Si
1;2;12;3;1;Si
3;1;4;3;2;Si
2;2;11;3;2;Si
2;2;12;3;2;Si
1;1;11;3;2;Si
1;1;11;3;2;Si
2;2;8;3;2;Si
2;1;1;3;2;Si
1;1;11;3;2;Si
1;1;11;3;2;Si
1;1;12;3;2;Si
1;2;7;3;2;Si
2;2;11;3;2;Si
3;2;12;3;2;Si
1;2;11;3;2;Si
1;1;11;3;2;Si
1;2;11;3;2;Si
1;1;11;3;2;Si
1;1;11;3;2;Si
1;1;11;3;2;Si
3;1;10;3;2;Si
2;2;11;3;2;Si
1;1;11;3;2;Si
3;1;10;3;2;Si
4;1;12;3;2;Si
2;2;5;3;2;Si
1;2;7;3;2;Si
1;1;12;3;2;Si
3;1;12;3;2;Si
3;1;11;3;2;Si
1;2;7;3;2;Si
1;2;11;3;2;Si
1;2;7;3;2;Si
1;2;6;3;2;Si
1;2;1;3;2;Si
1;2;11;3;2;Si
3;1;4;3;2;Si
2;2;3;3;2;Si
1;2;7;3;2;Si
2;2;11;3;2;Si
1;2;11;3;2;Si
2;2;7;3;2;Si
1;1;12;3;2;Si
2;2;5;3;2;Si
2;2;11;3;2;Si
1;2;6;3;2;Si
2;2;11;3;2;Si
1;2;12;3;1;Si
4;1;12;3;1;Si
2;2;12;3;1;Si
1;2;12;3;1;Si
3;1;12;3;1;Si
3;1;12;3;1;Si
1;2;12;3;1;Si
2;2;12;3;1;Si
1;2;12;3;1;Si
1;2;12;3;1;Si
4;2;12;3;1;Si
2;2;12;3;1;Si
1;2;12;3;1;Si
1;2;12;3;1;Si
2;1;12;3;1;Si
3;1;12;3;1;Si
1;2;12;3;1;Si
1;1;12;3;1;Si
1;2;12;3;1;Si
1;2;12;3;1;Si
2;2;12;3;1;Si
2;2;12;3;1;Si
3;2;1;3;1;Si
1;2;7;3;1;Si
1;1;12;3;1;Si
1;2;12;3;1;Si
1;1;12;3;1;Si
1;2;12;3;1;Si
2;2;12;3;1;Si
1;1;12;3;1;Si
2;2;12;3;1;Si
1;2;12;3;1;Si
1;2;12;3;1;Si
2;2;12;3;1;Si
1;1;12;3;1;Si
4;2;12;3;1;Si
1;1;12;3;1;Si
2;1;12;3;1;Si
1;1;12;3;1;Si
2;1;12;3;1;Si
1;2;12;3;1;Si
3;1;12;3;1;Si
1;1;12;3;1;Si
2;1;12;3;1;Si
2;2;12;3;1;Si
1;2;12;3;1;Si
1;1;12;3;1;Si
1;2;12;3;1;Si
1;2;12;3;1;Si
2;2;12;3;1;Si
1;1;12;3;1;Si
1;1;12;3;1;Si
1;1;12;3;1;Si
1;2;12;3;1;Si
1;2;12;3;1;Si
2;2;12;3;1;Si
1;1;12;3;1;Si
1;2;12;3;1;Si
2;1;12;3;1;Si
1;2;12;3;1;Si
1;2;12;3;1;Si
1;2;12;3;1;Si
2;2;12;3;1;Si
1;2;12;3;1;Si
2;2;12;3;1;Si
2;2;12;3;1;Si
1;2;12;3;1;Si
2;2;12;3;1;Si
1;2;12;3;1;Si
1;2;12;3;1;Si
1;1;12;3;1;Si
2;2;12;3;1;Si
2;2;12;3;1;Si
1;2;12;3;1;Si
3;1;12;3;1;Si
3;1;12;3;1;Si
2;2;12;3;1;Si
1;2;12;3;1;Si
1;2;12;3;1;Si
1;2;12;3;1;Si
1;2;12;3;1;Si
1;1;12;3;1;Si
2;2;12;3;1;Si
1;2;12;3;1;Si
1;2;12;3;1;Si
2;2;12;3;1;Si
2;2;12;3;1;Si
1;1;12;3;1;Si
1;2;12;3;1;Si
3;2;12;3;1;Si
3;1;3;3;1;Si
1;1;12;3;1;Si
1;1;12;3;1;Si
3;2;12;3;1;Si
1;2;12;3;1;Si
3;2;12;3;1;Si
1;1;12;3;1;Si
3;1;12;3;1;Si
2;2;12;3;1;Si
1;2;12;3;1;Si
3;2;12;3;1;Si
3;1;12;3;1;Si
2;2;12;3;1;Si
1;1;12;3;1;Si
1;2;12;3;1;Si
3;1;12;3;1;Si
3;1;4;3;1;Si
1;2;12;3;1;Si
3;2;12;3;1;Si
1;2;12;3;1;Si
1;2;12;3;1;Si
1;2;12;3;1;Si
2;2;12;3;1;Si
1;2;12;3;1;Si
1;2;12;3;1;Si
2;2;12;3;1;Si
1;2;12;3;1;Si
3;2;12;3;1;Si
2;2;12;3;1;Si
1;2;12;3;1;Si
1;2;12;3;1;Si
1;2;12;3;1;Si
1;2;12;3;1;Si
2;2;12;3;1;Si
1;2;12;3;1;Si
2;1;12;3;1;Si
2;1;12;3;1;Si
2;1;12;3;1;Si
3;1;12;3;1;Si
1;2;12;3;1;Si
2;2;12;3;1;Si
1;2;12;3;1;Si
1;2;12;3;1;Si
1;2;12;3;1;Si
2;2;12;3;1;Si
1;2;12;3;1;Si
3;2;12;3;1;Si
1;2;12;3;1;Si
3;2;12;3;1;Si
2;2;12;3;1;Si
2;2;12;3;1;Si
2;2;12;3;1;Si
1;2;12;3;1;Si
3;2;12;3;1;Si
2;2;12;3;1;Si
1;2;12;3;1;Si
1;2;12;3;1;Si
1;2;12;3;1;Si
1;2;12;3;1;Si
2;2;12;3;1;Si
1;2;12;3;1;Si
2;1;12;3;1;Si
4;1;12;3;1;Si
1;2;12;3;1;Si
1;2;7;3;2;Si
1;2;5;3;2;Si
1;1;11;3;2;Si
1;2;11;3;2;Si
1;2;5;3;2;Si
1;2;11;3;2;Si
1;1;11;3;2;Si
3;1;4;3;2;Si
1;2;11;3;2;Si
2;2;11;3;2;Si
3;2;12;3;2;Si
2;1;7;3;2;Si
1;2;7;3;2;Si
2;2;11;3;2;Si
1;2;5;3;2;Si
1;2;5;3;2;Si
1;2;11;3;2;Si
2;1;11;3;2;Si
1;2;11;3;2;Si
1;2;11;3;2;Si
1;2;11;3;2;Si
1;2;11;3;2;Si
2;2;7;3;2;Si
2;2;12;3;2;Si
2;2;7;3;2;Si
1;2;7;3;2;Si
2;1;10;3;2;Si
2;1;10;3;2;Si
1;2;11;3;2;Si
1;2;7;3;2;Si
2;1;11;3;2;Si
3;1;12;3;2;Si
1;2;12;3;2;Si
1;1;11;3;2;Si
1;2;11;3;2;Si
1;2;12;3;2;Si
1;2;11;3;2;Si
2;2;7;3;2;Si
1;2;6;3;2;Si
1;2;7;3;2;Si
2;2;5;3;2;Si
3;2;12;3;2;Si
3;1;11;3;2;Si
2;2;11;3;2;Si
1;1;11;3;2;Si
1;1;11;3;2;Si
4;1;11;3;2;Si
1;2;5;3;2;Si
1;2;7;3;2;Si
3;1;11;3;2;Si
1;1;10;3;2;Si
2;2;11;3;2;Si
2;2;7;3;2;Si
1;2;11;3;2;Si
1;2;5;3;2;Si
2;2;11;3;2;Si
1;2;6;3;2;Si
2;2;11;3;2;Si
1;2;1;3;2;Si
1;2;5;3;2;Si
3;1;5;3;2;Si
2;2;11;3;2;Si
1;2;11;3;2;Si
3;1;10;3;2;Si
2;2;7;3;2;Si
1;2;11;3;2;Si
1;2;7;3;2;Si
1;2;11;3;2;Si
1;2;11;3;2;Si
3;1;1;3;2;Si
1;1;11;3;2;Si
1;2;5;3;2;Si
3;1;11;3;2;Si
2;2;11;3;2;Si
1;2;6;3;2;Si
1;2;7;3;2;Si
1;2;6;3;2;Si
1;1;11;3;2;Si
1;2;11;3;2;Si
2;1;11;3;2;Si
1;2;11;3;2;Si
1;2;7;3;2;Si
2;2;11;3;2;Si
1;2;11;3;2;Si
2;2;7;3;2;Si
1;1;11;3;2;Si
2;2;5;3;2;Si
1;1;11;3;2;Si
1;2;11;3;2;Si
1;1;7;3;2;Si
1;2;7;3;2;Si
1;1;12;3;2;Si
1;2;12;3;2;Si
3;2;11;3;2;Si
1;1;11;3;2;Si
1;1;11;3;2;Si
2;2;11;3;2;Si
2;2;4;3;2;Si
1;1;11;3;2;Si
1;2;6;3;2;Si
2;1;1;3;2;Si
2;1;1;3;2;Si
1;2;11;3;2;Si
1;1;11;3;2;Si
2;1;11;3;2;Si
1;1;11;3;2;Si
1;2;11;3;2;Si
2;2;11;3;2;Si
2;2;11;3;2;Si
1;1;11;3;2;Si
1;1;11;3;2;Si
1;2;11;3;2;Si
4;1;11;3;2;Si
2;1;12;3;2;Si
3;2;7;3;2;Si
3;2;12;3;1;Si
1;2;12;3;1;Si
1;2;12;3;1;Si
4;2;12;3;1;Si
2;2;12;3;1;Si
3;2;12;3;1;Si
3;2;12;3;1;Si
3;1;12;3;1;Si
3;2;12;3;1;Si
2;2;12;3;1;Si
2;1;12;3;1;Si
3;1;12;3;1;Si
2;1;12;3;1;Si
1;2;12;3;1;Si
2;2;12;3;1;Si
2;2;12;3;1;Si
1;1;12;3;1;Si
1;2;12;3;1;Si
1;2;12;3;1;Si
2;1;12;3;1;Si
2;1;12;3;1;Si
2;1;12;3;1;Si
1;2;12;3;1;Si
1;2;12;3;1;Si
1;2;12;3;1;Si
1;2;12;3;1;Si
4;2;12;3;1;Si
1;2;12;3;1;Si
3;1;12;3;1;Si
1;2;12;3;1;Si
2;2;12;3;1;Si
2;2;12;3;1;Si
4;2;12;3;1;Si
1;2;12;3;1;Si
4;2;12;3;1;Si
2;2;12;3;1;Si
3;2;12;3;1;Si
1;2;12;3;1;Si
1;1;12;3;1;Si
1;2;12;3;1;Si
1;2;12;3;1;Si
1;1;12;3;1;Si
3;1;12;3;1;Si
3;2;12;3;1;Si
1;2;11;3;2;Si
1;2;11;3;2;Si
3;2;1;3;2;Si
4;1;11;3;2;Si
1;2;11;3;2;Si
1;2;7;3;2;Si
2;2;11;3;2;Si
1;1;11;3;2;Si
1;2;6;3;2;Si
1;1;11;3;2;Si
1;2;11;3;2;Si
2;1;11;3;2;Si
1;2;6;3;2;Si
1;2;7;3;2;Si
1;1;11;3;2;Si
1;2;6;3;2;Si
3;2;12;3;2;Si
1;1;11;3;2;Si
1;2;11;3;2;Si
1;2;11;3;2;Si
3;1;2;3;2;Si
1;2;11;3;2;Si
1;2;7;3;2;Si
1;1;11;3;2;Si
2;2;11;3;2;Si
2;2;11;3;2;Si
1;2;6;3;2;Si
1;1;11;3;2;Si
1;1;11;3;2;Si
3;2;11;3;2;Si
1;1;11;3;2;Si
2;1;11;3;2;Si
1;1;11;3;2;Si
1;1;11;3;2;Si
2;2;11;3;2;Si
2;1;5;3;2;Si
3;2;11;3;2;Si
1;2;11;3;2;Si
1;2;6;3;2;Si
2;2;7;3;2;Si
1;2;6;3;2;Si
1;1;11;3;2;Si
2;2;11;3;2;Si
1;2;5;3;2;Si
2;1;11;3;2;Si
1;2;11;3;2;Si
1;1;11;3;2;Si
2;1;4;3;2;Si
1;2;11;3;2;Si
1;1;11;3;2;Si
1;1;11;3;2;Si
1;2;7;3;2;Si
1;1;12;3;2;Si
3;2;11;3;2;Si
2;1;7;3;2;Si
1;2;12;3;1;Si
1;2;12;3;1;Si
2;2;11;3;2;Si
1;2;12;3;1;Si
1;2;12;3;1;Si
1;1;12;3;1;Si
1;1;12;3;1;Si
2;2;12;3;1;Si
1;2;12;3;1;Si
2;2;12;3;1;Si
2;2;12;3;1;Si
2;2;12;3;1;Si
1;2;12;3;1;Si
1;2;12;3;1;Si
1;2;12;3;1;Si
1;2;5;3;2;Si
2;2;7;3;2;Si
1;1;12;3;2;Si
1;1;12;3;2;Si
1;1;11;3;2;Si
1;2;6;3;2;Si
1;2;6;3;2;Si
1;1;11;3;2;Si
2;1;10;3;2;Si
1;1;11;3;2;Si
2;1;12;3;2;Si
1;2;6;3;2;Si
1;1;11;3;2;Si
2;2;11;3;2;Si
2;2;11;3;2;Si
2;1;12;3;2;Si
1;2;11;3;2;Si
3;2;11;3;2;Si
1;1;11;3;2;Si
2;1;4;3;2;Si
1;1;11;3;2;Si
1;2;6;3;2;Si
3;2;4;3;2;Si
3;2;11;3;2;Si
1;1;11;3;2;Si
1;1;11;3;2;Si
2;2;11;3;2;Si
1;2;6;3;2;Si
1;1;11;3;2;Si
2;2;11;3;2;Si
1;2;11;3;2;Si
1;1;12;3;2;Si
4;1;11;3;2;Si
1;2;11;3;2;Si
1;2;11;3;2;Si
1;2;11;3;2;Si
3;1;3;3;2;Si
1;1;9;3;2;Si
1;2;5;3;2;Si
2;1;9;3;2;Si
1;2;11;3;2;Si
2;2;1;3;2;Si
1;2;11;3;2;Si
1;1;11;3;2;Si
2;2;12;3;2;Si
3;2;12;3;2;Si
2;1;9;3;2;Si
1;2;12;3;1;Si
1;2;12;3;1;Si
3;1;12;3;1;Si
1;2;12;3;1;Si
1;2;12;3;1;Si
1;2;12;3;1;Si
1;2;12;3;1;Si
3;2;12;3;1;Si
2;2;12;3;1;Si
1;2;12;3;1;Si
2;2;12;3;1;Si
3;1;12;3;1;Si
1;2;12;3;1;Si
2;2;12;3;1;Si
1;1;12;3;1;Si
1;2;12;3;1;Si
1;2;12;3;1;Si
1;2;12;3;1;Si
3;1;12;3;1;Si
2;1;12;3;1;Si
1;2;12;3;1;Si
1;2;12;3;1;Si
1;2;12;3;1;Si
1;2;12;3;1;Si
3;2;12;3;1;Si
3;1;12;3;1;Si
1;2;12;3;1;Si
3;2;12;3;1;Si
1;2;12;3;1;Si
1;2;12;3;1;Si
2;2;12;3;1;Si
3;1;12;3;1;Si
1;1;12;4;1;Si
2;2;12;3;1;Si
1;2;12;3;1;Si
1;2;12;3;1;Si
2;2;12;3;1;Si
2;2;12;3;1;Si
1;2;12;3;1;Si
1;2;12;3;1;Si
2;2;12;3;1;Si
2;2;12;3;1;Si
1;1;12;4;1;Si
1;2;12;3;1;Si
3;2;12;3;1;Si
1;2;12;3;1;Si
2;1;12;3;1;Si
2;2;12;3;1;Si
1;2;12;3;1;Si
2;2;12;3;1;Si
2;2;12;3;1;Si
1;2;12;3;1;Si
4;2;12;3;1;Si
3;2;12;3;1;Si
2;2;12;3;1;Si
2;2;12;3;1;Si
1;2;12;3;1;Si
2;2;12;3;1;Si
2;1;12;3;1;Si
2;2;12;3;1;Si
2;1;12;4;1;Si
1;1;12;4;1;Si
2;2;12;3;1;Si
4;1;12;3;1;Si
1;2;12;3;1;Si
1;1;12;3;1;Si
1;2;12;3;1;Si
1;1;12;3;1;Si
2;2;11;4;2;Si
1;2;6;4;2;Si
2;2;12;4;2;Si
2;1;11;4;2;Si
1;1;11;4;2;Si
3;1;11;4;2;Si
1;1;11;4;2;Si
2;1;3;4;2;Si
2;1;1;4;2;Si
1;2;11;4;2;Si
1;2;11;4;2;Si
2;2;11;4;2;Si
1;2;7;4;2;Si
1;2;11;4;2;Si
1;2;5;4;2;Si
1;2;11;4;2;Si
1;2;6;4;2;Si
3;2;5;4;2;Si
1;1;11;4;2;Si
3;1;10;4;2;Si
1;1;11;4;2;Si
2;1;10;4;2;Si
2;1;11;4;2;Si
2;2;11;4;2;Si
2;1;10;4;2;Si
3;2;5;4;2;Si
2;2;11;4;2;Si
1;2;11;4;2;Si
1;1;7;4;2;Si
1;2;11;4;2;Si
1;1;11;4;2;Si
4;1;11;4;2;Si
2;2;11;4;2;Si
2;2;5;4;2;Si
1;2;11;4;2;Si
1;1;12;4;2;Si
1;1;11;4;2;Si
1;2;11;4;2;Si
3;1;3;4;2;Si
1;2;12;4;2;Si
1;1;7;4;2;Si
1;1;11;4;2;Si
2;2;11;4;2;Si
1;1;11;4;2;Si
2;2;11;4;2;Si
1;1;12;4;2;Si
1;2;7;4;2;Si
2;1;10;4;2;Si
1;1;11;4;2;Si
2;2;11;4;2;Si
3;1;4;4;2;Si
3;1;1;4;2;Si
3;1;2;4;2;Si
3;1;1;4;2;Si
1;2;7;4;2;Si
1;1;11;4;2;Si
1;1;11;4;2;Si
2;1;11;4;2;Si
3;1;9;4;2;Si
2;1;11;4;2;Si
1;2;5;4;2;Si
3;1;11;4;2;Si
2;2;5;4;2;Si
2;2;5;4;2;Si
1;1;11;4;2;Si
1;1;11;4;2;Si
3;1;11;4;2;Si
1;1;11;4;2;Si
1;2;6;4;2;Si
1;2;7;4;2;Si
2;1;11;4;2;Si
2;2;5;4;2;Si
1;2;11;4;2;Si
1;2;11;4;2;Si
1;1;11;4;2;Si
1;1;11;4;2;Si
3;2;11;4;2;Si
1;2;11;4;2;Si
4;1;4;4;2;Si
1;1;11;4;2;Si
3;1;11;4;2;Si
1;1;11;4;2;Si
1;2;6;4;2;Si
2;2;11;4;2;Si
1;1;5;4;2;Si
2;2;11;4;2;Si
1;1;11;4;2;Si
1;1;11;4;2;Si
1;1;11;4;2;Si
1;1;11;4;2;Si
1;1;11;4;2;Si
1;2;11;4;2;Si
2;2;12;4;2;Si
2;2;12;4;2;Si
2;2;11;4;2;Si
3;2;11;4;2;Si
1;1;11;4;2;Si
1;2;7;4;2;Si
3;2;12;3;1;Si
1;2;12;3;1;Si
3;2;12;3;1;Si
1;2;12;3;1;Si
4;1;12;3;1;Si
3;1;12;3;1;Si
2;2;12;3;1;Si
1;2;12;3;1;Si
2;2;12;3;1;Si
1;2;12;3;1;Si
3;2;12;3;1;Si
2;2;12;3;1;Si
2;2;12;3;1;Si
1;1;11;4;2;Si
1;2;11;4;2;Si
1;1;11;4;2;Si
1;1;11;4;2;Si
1;1;11;4;2;Si
1;2;11;4;2;Si
1;2;12;4;2;Si
1;1;11;4;2;Si
1;1;11;4;2;Si
1;2;6;4;2;Si
1;2;6;4;2;Si
2;2;12;4;2;Si
2;2;11;4;2;Si
2;2;11;4;2;Si
1;2;5;4;2;Si
1;1;11;4;2;Si
2;2;11;4;2;Si
3;1;1;4;2;Si
1;1;11;4;2;Si
1;1;11;4;2;Si
1;1;11;4;2;Si
1;1;11;4;2;Si
3;1;1;4;2;Si
1;1;11;4;2;Si
3;1;4;4;2;Si
1;2;1;4;2;Si
1;2;11;4;2;Si
1;2;5;4;2;Si
2;1;10;4;2;Si
2;2;7;4;2;Si
2;2;12;3;1;Si
1;2;12;3;1;Si
4;1;12;3;1;Si
1;2;12;3;1;Si
2;1;12;3;1;Si
2;2;12;3;1;Si
1;2;12;3;1;Si
1;2;12;3;1;Si
1;2;12;3;1;Si
1;2;12;3;1;Si
2;2;12;3;1;Si
1;2;12;3;1;Si
3;1;12;3;1;Si
1;2;12;3;1;Si
1;2;12;3;1;Si
2;2;12;3;1;Si
4;2;12;3;1;Si
1;2;12;3;1;Si
1;2;12;3;1;Si
2;2;12;3;1;Si
1;2;12;3;1;Si
3;1;12;3;1;Si
2;2;12;3;1;Si
3;2;12;3;1;Si
1;2;12;3;1;Si
1;2;12;3;1;Si
1;1;12;4;1;Si
1;2;12;3;1;Si
1;2;12;3;1;Si
1;2;12;3;1;Si
1;2;12;3;1;Si
1;2;12;3;1;Si
2;2;12;3;1;Si
1;2;12;3;1;Si
1;2;12;3;1;Si
1;2;12;3;1;Si
1;1;12;3;1;Si
1;2;12;3;1;Si
1;2;12;3;1;Si
3;1;12;3;1;Si
1;2;12;3;1;Si
2;2;12;3;1;Si
3;2;12;3;1;Si
1;2;12;3;1;Si
3;1;12;3;1;Si
2;2;12;3;1;Si
2;2;12;3;1;Si
1;2;12;3;1;Si
2;2;12;3;1;Si
1;2;12;3;1;Si
1;2;12;3;1;Si
1;2;12;3;1;Si
2;1;12;3;1;Si
1;1;12;3;1;Si
2;2;12;3;1;Si
1;2;12;3;1;Si
3;2;12;3;1;Si
1;1;12;3;1;Si
1;2;12;3;1;Si
1;2;12;3;1;Si
1;2;12;3;1;Si
3;1;12;3;1;Si
1;2;12;3;1;Si
1;2;12;3;1;Si
1;2;12;3;1;Si
3;1;12;3;1;Si
1;2;12;3;1;Si
1;2;12;3;1;Si
2;2;12;4;1;Si
1;1;12;4;1;Si
1;1;12;4;1;Si
2;2;12;4;1;Si
3;1;12;4;1;Si
3;2;12;4;1;Si
2;2;12;4;1;Si
2;2;12;4;1;Si
3;2;12;4;1;Si
3;2;12;4;1;Si
1;2;12;4;1;Si
1;1;12;4;1;Si
1;2;12;4;1;Si
1;2;12;4;1;Si
1;2;12;4;1;Si
1;2;12;4;1;Si
2;1;12;4;1;Si
1;1;12;4;1;Si
2;1;12;4;1;Si
1;2;12;4;1;Si
1;2;12;4;1;Si
1;2;12;4;1;Si
1;2;12;4;1;Si
2;2;12;4;1;Si
3;2;12;4;1;Si
1;1;11;4;2;Si
4;1;1;4;2;Si
1;2;11;4;2;Si
3;1;11;4;2;Si
1;2;7;4;2;Si
1;1;11;4;2;Si
1;1;11;4;2;Si
1;1;11;4;2;Si
4;1;12;4;2;Si
1;2;11;4;2;Si
2;2;5;4;2;Si
1;2;4;4;2;Si
1;2;6;4;2;Si
2;2;11;4;2;Si
1;1;11;4;2;Si
1;1;11;4;2;Si
1;1;11;4;2;Si
1;2;5;4;2;Si
2;2;12;4;2;Si
1;1;12;4;2;Si
1;2;11;4;2;Si
2;2;12;4;2;Si
2;2;5;4;2;Si
1;1;11;4;2;Si
2;2;11;4;2;Si
2;1;11;4;2;Si
2;1;4;4;2;Si
1;2;11;4;2;Si
1;1;11;4;2;Si
1;2;11;4;2;Si
1;2;11;4;2;Si
1;2;11;4;2;Si
1;1;11;4;2;Si
1;1;11;4;2;Si
1;1;11;4;2;Si
1;1;5;4;2;Si
2;1;11;4;2;Si
1;2;11;4;2;Si
1;1;5;4;2;Si
1;2;6;4;2;Si
2;2;5;4;2;Si
1;2;11;4;2;Si
1;2;11;4;2;Si
1;2;11;4;2;Si
3;1;4;4;2;Si
1;1;11;4;2;Si
1;2;11;4;2;Si
1;2;11;4;2;Si
1;1;11;4;2;Si
1;1;11;4;2;Si
1;1;11;4;2;Si
1;1;11;4;2;Si
4;1;1;4;2;Si
1;1;11;4;2;Si
1;1;11;4;2;Si
1;2;11;4;2;Si
1;1;11;4;2;Si
2;1;11;4;2;Si
1;2;12;4;2;Si
2;2;11;4;2;Si
2;2;12;4;2;Si
1;2;12;4;1;Si
1;1;12;4;1;Si
1;2;12;4;1;Si
1;1;12;4;1;Si
2;2;12;4;1;Si
1;2;12;4;1;Si
1;1;11;4;2;Si
1;1;11;4;2;Si
1;1;11;4;2;Si
1;1;11;4;2;Si
1;2;11;4;2;Si
2;2;11;4;2;Si
3;1;11;4;2;Si
2;2;11;4;2;Si
1;2;1;4;2;Si
1;2;11;2;2;No
2;2;11;2;2;No
2;2;11;4;2;No
1;2;11;4;2;No
1;2;12;1;1;No
1;2;11;1;2;No
1;2;11;1;2;No
1;2;6;2;2;No
3;1;12;4;2;No
3;1;12;4;2;No
3;1;12;4;2;No
3;1;12;4;2;No
3;1;11;4;2;No
1;1;12;2;1;No
1;1;11;2;2;No
2;1;12;2;1;No
1;1;11;2;2;No
4;1;12;2;1;No
4;1;11;3;2;No
4;1;11;3;2;No
1;2;11;2;2;No
1;2;11;2;2;No
1;2;11;2;2;No
1;2;11;2;2;No
3;2;12;2;1;No
1;2;12;2;1;No
1;2;12;2;1;No
1;2;6;3;2;No
1;2;12;3;1;No
2;2;12;3;1;No
3;1;12;3;2;No
3;1;1;2;1;No
3;1;11;3;1;No
3;1;12;4;2;No
3;1;12;4;2;No
3;2;11;2;1;No
2;2;11;2;1;No
3;2;11;1;1;No
3;2;11;2;1;No
4;1;11;3;1;No
2;1;11;3;1;No
3;1;11;3;1;No
4;1;11;3;1;No
3;1;11;4;2;No
2;1;11;3;1;No
2;1;1;3;1;No
3;2;12;2;1;No
3;2;12;2;1;No
2;1;11;3;1;No
1;1;1;2;1;No
2;1;4;3;1;No
2;1;4;3;1;No
3;1;1;3;1;No
2;1;4;3;1;No
4;1;1;3;1;No
1;1;1;3;1;No
3;2;11;4;2;No
1;2;7;3;2;No
3;1;11;3;1;No
1;1;11;3;1;No
3;2;11;3;1;No
3;2;4;2;1;No
3;2;4;2;1;No
1;2;11;2;1;No
1;2;11;3;1;No
1;2;6;4;1;No
1;2;6;3;1;No
2;2;12;2;1;No
3;1;12;3;2;No
3;1;12;3;2;No
3;1;12;3;2;No
3;1;12;3;2;No
3;1;12;3;2;No
3;1;12;3;2;No
3;1;12;3;2;No
3;1;11;3;1;No
4;1;1;1;1;No
3;2;11;3;1;No
4;2;11;2;1;No
3;2;11;2;1;No
2;2;5;3;1;No
1;2;11;3;1;No
2;2;6;3;1;No
2;2;11;3;1;No
3;2;11;3;1;No
3;2;11;4;1;No
2;2;11;4;1;No
1;1;11;2;1;No
1;2;6;2;1;No
1;2;6;3;1;No
1;2;6;3;1;No
3;2;12;3;1;No
2;2;12;3;1;No
2;2;12;3;1;No
1;1;11;3;1;No
2;1;11;3;1;No
2;2;6;3;1;No
1;1;11;3;1;No
2;1;12;3;2;No
2;1;12;3;2;No
2;1;12;3;2;No
2;1;12;3;2;No
2;1;12;3;2;No
2;1;12;3;2;No
1;2;5;3;1;No
1;2;6;3;1;No
1;2;6;3;1;No
2;1;12;4;2;No
2;1;12;4;2;No
2;1;12;4;2;No
2;1;12;4;2;No
2;1;12;4;2;No
2;1;12;4;2;No
2;1;12;4;2;No
2;1;12;4;2;No
2;1;12;4;2;No
2;1;12;4;2;No
2;1;12;4;2;No
2;1;12;4;2;No
2;1;12;4;2;No
2;1;12;4;2;No
2;1;12;4;2;No
3;1;11;4;1;No
2;1;11;4;1;No
2;1;11;4;1;No
1;1;11;4;1;No
1;1;11;4;1;No
1;1;11;4;1;No
1;1;11;4;1;No
2;1;11;2;1;No
1;2;6;2;1;No
1;1;11;2;1;No
3;1;11;2;1;No
3;1;11;2;1;No
1;2;11;3;1;No
2;2;6;3;1;No
1;2;6;3;1;No
3;1;11;3;1;No
1;2;6;3;1;No
2;2;6;3;1;No
2;2;6;3;1;No
1;1;11;3;1;No
1;1;11;3;1;No
1;1;11;3;1;No
2;1;11;4;1;No
3;1;11;4;1;No
2;1;11;4;1;No
1;1;11;4;1;No
3;1;11;4;1;No
3;1;11;4;1;No
1;1;11;4;1;No
1;1;11;4;1;No
1;1;11;4;1;No
1;1;11;4;1;No
1;1;11;4;1;No
1;1;11;4;1;No
1;1;11;4;1;No
3;1;11;4;1;No
3;1;11;4;1;No
2;1;11;4;1;No
2;1;11;4;1;No
2;1;11;4;1;No
1;1;11;1;1;No
1;1;11;3;1;No
1;1;11;4;1;No
1;1;11;4;1;No
3;2;4;1;1;No
1;2;11;3;1;No
4;2;11;3;1;No
3;1;12;4;2;No
3;2;11;2;1;No
4;1;12;2;1;No
1;1;11;3;2;No
4;1;11;3;1;No
3;2;11;3;1;No
3;2;11;4;1;No
1;2;11;2;1;No
2;2;11;3;1;No
3;2;11;3;1;No
2;1;11;3;1;No
1;1;7;3;2;No
2;2;11;4;1;No
2;2;7;1;1;No
4;2;11;2;2;No
3;2;11;2;2;No
4;2;11;2;2;No
3;2;11;2;2;No
3;2;5;4;1;No
1;1;12;4;1;No
1;1;11;4;1;No
1;2;11;4;1;No
1;2;11;4;1;No
1;2;5;1;1;No
1;2;11;2;1;No
3;2;5;2;1;No
2;2;5;2;1;No
1;1;11;3;1;No
1;1;11;3;1;No
1;1;11;3;1;No
1;1;11;3;1;No
1;1;11;3;1;No
1;1;11;3;1;No
1;1;11;3;1;No
1;1;11;3;1;No
1;1;11;3;1;No
1;1;11;3;1;No
1;1;11;3;1;No
1;1;11;3;1;No
1;1;11;3;1;No
1;1;11;3;1;No
1;1;11;3;1;No
3;1;11;2;2;No
3;1;4;2;2;No
3;1;4;2;2;No
3;1;4;3;2;No
2;1;12;1;1;No
3;1;11;3;1;No
1;2;11;4;1;No
1;2;6;3;1;No
1;2;6;3;1;No
1;2;6;3;1;No
1;2;12;3;1;No
2;2;1;3;1;No
1;1;11;3;1;No
2;2;6;3;1;No
3;1;11;4;1;No
2;1;11;4;1;No
1;1;11;4;1;No
1;1;11;4;1;No
1;1;11;4;1;No
1;1;11;4;1;No
1;1;11;4;1;No
1;2;1;4;1;No
2;1;11;4;1;No
1;1;11;1;1;No
2;1;11;1;1;No
1;1;11;1;1;No
2;1;11;2;1;No
2;1;11;3;1;No
1;1;11;3;1;No
1;1;11;4;1;No
1;1;12;4;2;No
1;1;12;4;2;No
1;1;12;1;2;No
3;1;12;1;2;No
3;1;12;1;2;No
4;1;12;1;2;No
3;1;12;1;2;No
3;1;10;4;2;No
2;1;4;2;2;No
2;1;4;2;2;No
2;1;4;2;2;No
3;1;11;2;1;No
3;1;11;2;1;No
3;1;11;3;1;No
2;1;12;3;1;No
2;1;4;2;2;No
2;1;4;2;2;No
3;1;8;2;2;No
3;1;8;2;2;No
3;1;11;2;2;No
3;1;11;2;2;No
3;1;11;2;2;No
3;1;8;2;2;No
3;2;12;3;1;No
3;2;11;3;1;No
3;2;11;3;1;No
3;1;11;3;1;No
2;2;11;4;1;No
3;1;4;3;1;No
3;1;11;3;1;No
3;1;4;3;1;No
4;1;1;3;1;No
2;1;4;3;1;No
2;1;4;3;1;No
3;1;12;2;2;No
2;1;4;2;1;No
3;1;12;3;2;No
3;1;12;2;1;No
3;1;12;2;1;No
3;1;12;2;1;No
3;1;9;3;2;No
3;1;9;3;2;No
3;1;9;3;2;No
3;1;9;3;2;No
3;1;9;3;2;No
3;1;9;3;2;No
3;1;9;3;2;No
3;1;9;3;2;No
3;1;9;3;2;No
3;1;9;3;2;No
3;1;9;3;2;No
3;1;9;3;2;No
3;1;9;3;2;No
3;1;9;3;2;No
3;1;9;3;2;No
3;1;9;3;2;No
1;1;10;3;2;No
3;2;5;3;1;No
3;2;5;3;1;No
3;2;5;3;1;No
3;2;5;3;1;No
1;2;11;3;1;No
2;2;11;3;1;No
4;1;11;3;1;No
1;2;11;1;1;No
3;2;11;2;1;No
2;1;4;2;2;No
1;2;5;4;1;No
1;2;5;4;1;No
1;2;5;4;1;No
1;1;4;2;1;No
3;1;11;4;2;No
3;1;11;4;2;No
1;2;6;4;2;No
3;2;12;3;2;No
4;2;12;3;2;No
4;2;12;3;2;No
4;2;12;3;2;No
1;1;12;2;1;No
4;1;12;2;1;No
3;1;12;2;1;No
3;2;11;3;1;No
1;2;7;3;1;No
3;2;11;3;1;No
3;1;11;4;1;No
2;2;12;2;2;No
2;1;12;1;2;No
4;2;8;1;2;No
3;2;8;1;2;No
2;1;10;2;1;No
3;1;4;1;2;No
3;1;4;1;2;No
4;1;4;1;2;No
4;1;4;1;2;No
4;1;4;1;2;No
4;1;4;1;2;No
4;1;4;1;2;No
4;1;4;1;2;No
4;1;4;1;2;No
3;1;4;1;2;No
3;1;4;1;2;No
3;1;11;1;2;No
3;1;11;1;2;No
4;1;4;1;2;No
3;1;9;3;2;No
3;1;9;3;2;No
3;1;9;3;2;No
4;1;9;3;2;No
3;1;9;3;2;No
3;1;9;3;2;No
2;2;11;2;2;No
4;2;12;2;2;No
4;2;11;4;2;No
4;2;11;4;2;No
4;2;11;3;2;No
4;2;11;3;2;No
3;1;12;3;2;No
3;1;12;4;2;No
2;1;11;1;2;No
1;1;1;1;1;Si
1;1;1;1;1;Si
3;1;1;1;1;Si
4;1;1;1;1;Si
4;1;1;1;1;Si
1;1;1;1;1;Si
2;1;1;1;1;Si
1;1;1;1;1;Si
1;1;1;1;1;Si
3;2;1;1;1;Si
1;1;1;1;1;Si
1;2;1;1;1;Si
2;1;1;1;1;Si
1;2;1;1;1;Si
3;1;1;1;1;Si
2;1;1;1;1;Si
3;1;1;1;1;Si
1;2;1;1;1;Si
2;1;1;1;1;Si
2;1;1;1;1;Si
2;1;1;1;1;Si
2;1;1;1;1;Si
1;2;1;1;1;Si
3;1;1;1;1;Si
3;1;1;1;1;Si
3;1;1;1;1;Si
3;1;1;1;1;Si
2;2;1;1;1;Si
3;2;1;1;1;Si
3;1;1;1;1;Si
1;2;1;1;1;Si
2;1;1;1;1;Si
1;1;1;1;1;Si
1;1;1;1;1;Si
1;2;1;1;1;Si
1;1;1;1;1;Si
2;1;1;1;1;Si
2;1;1;1;1;Si
2;1;1;1;1;Si
2;2;1;1;1;Si
1;1;1;1;1;Si
3;1;1;1;1;Si
3;1;12;1;1;Si
2;2;12;1;1;Si
1;1;12;2;1;Si
1;2;12;1;1;Si
2;1;12;1;1;Si
2;1;12;1;1;Si
2;2;12;1;1;Si
1;2;12;1;1;Si
2;1;12;2;1;Si
3;1;12;1;1;Si
1;2;12;1;1;Si
1;2;12;1;1;Si
1;2;12;1;1;Si
2;2;12;1;1;Si
1;2;12;1;1;Si
1;1;12;1;1;Si
2;1;12;1;2;Si
2;1;12;1;2;Si
1;1;12;1;2;Si
2;2;11;1;2;Si
4;1;9;1;2;Si
1;2;11;1;2;Si
1;2;11;1;2;Si
1;1;11;1;2;Si
4;2;11;1;2;Si
3;2;12;1;2;Si
3;1;9;1;2;Si
1;2;11;1;2;Si
1;2;12;1;1;Si
1;1;12;1;1;Si
1;1;12;1;1;Si
1;1;12;2;1;Si
1;1;12;1;1;Si
1;1;12;1;1;Si
1;1;12;1;1;Si
3;2;12;1;1;Si
2;2;12;1;1;Si
2;1;12;1;1;Si
1;2;12;1;1;Si
2;1;12;1;1;Si
2;1;12;2;1;Si
1;2;12;1;1;Si
1;1;12;1;1;Si
2;2;11;1;2;Si
1;2;11;1;2;Si
2;2;12;1;2;Si
2;2;11;1;2;Si
2;2;11;1;2;Si
1;2;12;1;2;Si
3;1;12;1;2;Si
1;2;11;1;2;Si
2;2;11;1;2;Si
2;1;3;1;2;Si
1;1;11;1;2;Si
1;2;12;1;1;Si
2;1;12;1;1;Si
1;2;12;1;1;Si
1;1;12;3;1;Si
3;2;12;1;1;Si
2;1;12;1;1;Si
2;1;12;1;1;Si
1;1;12;1;1;Si
1;2;12;1;1;Si
3;2;12;1;1;Si
3;1;12;1;1;Si
2;2;12;1;1;Si
3;1;12;1;1;Si
1;1;12;1;1;Si
1;2;12;1;1;Si
2;1;12;1;1;Si
1;2;12;1;1;Si
1;2;12;1;1;Si
1;1;12;1;1;Si
1;1;11;2;2;Si
3;1;11;2;2;Si
3;2;12;2;2;Si
1;1;11;2;2;Si
2;2;11;2;2;Si
1;1;3;2;2;Si
1;2;12;2;2;Si
1;2;11;2;2;Si
2;2;12;1;1;Si
2;1;12;2;1;Si
2;2;12;1;1;Si
1;2;12;1;1;Si
1;1;12;1;1;Si
1;2;12;1;1;Si
2;2;12;1;1;Si
3;1;12;1;1;Si
1;2;12;2;1;Si
1;2;12;2;1;Si
1;2;12;2;1;Si
1;2;12;2;1;Si
3;1;12;2;1;Si
2;2;12;2;1;Si
1;2;12;2;1;Si
2;2;11;2;2;Si
1;2;7;2;2;Si
1;2;11;2;2;Si
2;2;11;2;2;Si
1;2;11;2;2;Si
1;1;11;2;2;Si
2;2;11;2;2;Si
3;2;2;2;2;Si
3;1;11;2;2;Si
1;1;11;2;2;Si
1;2;12;2;2;Si
1;2;11;2;2;Si
2;1;12;2;2;Si
3;1;11;2;2;Si
1;2;7;2;2;Si
1;1;11;2;2;Si
2;1;1;2;2;Si
1;2;11;2;2;Si
1;1;12;2;2;Si
1;2;11;2;2;Si
1;2;12;2;2;Si
1;1;12;3;1;Si
3;2;12;2;1;Si
2;2;12;2;1;Si
2;2;12;2;1;Si
1;2;12;2;1;Si
2;2;12;2;1;Si
3;1;12;2;1;Si
2;1;12;2;1;Si
2;1;12;2;1;Si
1;2;12;2;1;Si
2;1;1;2;1;Si
3;1;12;2;1;Si
1;1;12;2;1;Si
1;2;12;2;1;Si
2;2;12;2;1;Si
1;2;12;2;1;Si
4;1;12;2;1;Si
3;1;12;2;1;Si
1;1;12;2;1;Si
1;1;12;2;1;Si
2;1;12;2;1;Si
2;2;11;2;1;Si
2;2;12;2;1;Si
2;1;12;2;1;Si
1;2;12;2;1;Si
2;1;12;2;1;Si
2;2;12;2;1;Si
1;1;12;2;1;Si
1;2;12;2;1;Si
3;1;2;2;2;Si
1;2;11;2;2;Si
1;1;10;2;2;Si
1;1;11;2;2;Si
2;2;12;2;2;Si
2;1;4;2;2;Si
2;2;12;2;2;Si
2;1;11;2;2;Si
1;1;11;2;2;Si
1;2;11;2;2;Si
2;1;11;2;2;Si
2;1;11;2;2;Si
1;2;11;2;2;Si
1;2;11;2;2;Si
4;2;12;2;2;Si
3;1;10;2;2;Si
1;2;6;2;2;Si
1;1;9;2;2;Si
2;2;4;2;2;Si
1;2;5;2;2;Si
1;2;6;2;2;Si
1;2;11;2;2;Si
2;2;11;2;2;Si
2;2;7;2;2;Si
1;1;9;2;2;Si
3;1;12;2;2;Si
2;1;12;2;1;Si
2;2;12;2;1;Si
2;2;12;2;1;Si
1;2;12;2;1;Si
1;2;12;2;1;Si
1;1;12;2;1;Si
2;2;12;2;1;Si
1;1;12;2;1;Si
1;2;12;2;1;Si
3;1;12;2;1;Si
1;2;12;2;1;Si
1;2;6;2;1;Si
1;1;12;2;1;Si
2;1;12;2;1;Si
1;2;12;2;1;Si
2;1;12;2;1;Si
2;1;12;2;1;Si
3;1;12;2;1;Si
2;1;12;2;1;Si
1;2;12;2;1;Si
3;2;12;2;1;Si
3;2;12;2;1;Si
1;2;12;2;1;Si
1;1;12;2;1;Si
4;1;12;2;1;Si
3;1;12;2;1;Si
1;2;12;2;1;Si
3;1;12;2;1;Si
3;1;12;2;1;Si
1;2;12;2;1;Si
2;1;12;2;1;Si
2;1;12;2;1;Si
1;2;12;2;1;Si
1;2;12;2;1;Si
1;2;12;2;1;Si
1;1;12;2;1;Si
1;1;12;2;1;Si
2;2;12;2;1;Si
1;2;12;2;1;Si
1;2;12;2;1;Si
2;2;12;2;1;Si
3;1;12;2;1;Si
2;2;12;2;1;Si
1;2;12;2;1;Si
2;2;12;2;1;Si
2;2;12;2;1;Si
2;2;12;2;1;Si
2;2;12;2;1;Si
2;2;12;2;1;Si
1;1;12;2;1;Si
1;2;7;1;2;Si
1;2;11;1;2;Si
1;2;6;1;2;Si
1;2;7;1;2;Si
1;2;7;1;2;Si
2;1;9;1;2;Si
1;1;3;1;2;Si
1;1;10;1;2;Si
4;1;12;1;2;Si
2;2;12;2;1;Si
3;2;12;2;1;Si
3;2;12;2;1;Si
1;1;12;2;1;Si
3;1;12;2;1;Si
3;1;12;2;1;Si
3;1;12;2;1;Si
3;1;12;2;1;Si
1;2;12;2;1;Si
4;1;12;2;1;Si
1;2;12;2;1;Si
1;1;12;2;1;Si
2;1;12;2;1;Si
1;2;12;2;1;Si
2;1;11;2;2;Si
2;2;11;2;2;Si
2;2;11;2;2;Si
1;1;11;2;2;Si
2;1;10;2;2;Si
1;1;11;2;2;Si
3;2;2;2;2;Si
3;1;12;2;2;Si
1;2;6;2;2;Si
2;1;12;2;2;Si
3;1;2;2;2;Si
2;2;4;2;2;Si
1;2;11;2;2;Si
1;2;11;2;2;Si
1;2;11;2;2;Si
1;2;1;2;2;Si
3;1;12;2;2;Si
1;2;5;2;2;Si
2;1;12;2;2;Si
1;2;11;2;2;Si
2;2;7;2;2;Si
2;1;12;2;2;Si
1;1;11;2;2;Si
1;2;6;2;2;Si
2;2;12;2;2;Si
3;1;2;2;2;Si
2;1;12;2;2;Si
1;2;11;2;2;Si
1;1;11;2;2;Si
3;2;1;2;2;Si
1;1;11;2;2;Si
2;2;11;2;2;Si
1;2;11;2;2;Si
1;2;6;2;2;Si
1;2;12;2;2;Si
3;1;10;2;2;Si
2;2;11;2;2;Si
1;1;12;2;2;Si
2;1;9;2;2;Si
1;2;11;2;2;Si
4;1;12;2;1;Si
1;1;12;2;1;Si
3;1;12;2;1;Si
1;2;12;2;1;Si
2;2;12;2;1;Si
2;2;12;2;1;Si
2;2;12;2;1;Si
3;1;12;2;1;Si
2;1;12;2;1;Si
3;1;12;2;1;Si
1;2;12;2;1;Si
2;2;12;2;1;Si
2;1;12;2;1;Si
1;1;12;2;1;Si
1;1;12;2;1;Si
2;1;12;2;1;Si
1;2;12;2;1;Si
2;2;12;2;1;Si
2;2;12;2;1;Si
1;1;12;2;1;Si
2;2;12;2;1;Si
2;2;12;2;1;Si
1;1;12;2;1;Si
1;1;12;2;1;Si
1;2;12;2;1;Si
4;1;12;2;1;Si
4;1;12;2;1;Si
2;1;12;2;1;Si
2;2;12;2;1;Si
3;1;12;2;1;Si
4;1;12;2;1;Si
2;1;12;2;1;Si
1;1;12;2;1;Si
3;2;12;2;1;Si
1;2;12;2;1;Si
1;2;12;2;1;Si
1;1;12;2;1;Si
1;1;12;2;1;Si
2;2;12;2;1;Si
3;1;12;2;1;Si
1;2;6;2;2;Si
1;2;11;2;2;Si
2;2;11;2;2;Si
1;1;12;2;2;Si
3;2;12;2;2;Si
3;1;4;2;2;Si
2;1;12;2;2;Si
3;1;4;2;2;Si
4;1;11;2;2;Si
2;1;2;2;2;Si
3;2;12;2;2;Si
3;1;4;2;2;Si
2;1;9;2;2;Si
1;1;11;2;2;Si
3;1;4;2;2;Si
3;1;4;2;2;Si
2;1;12;2;2;Si
1;1;11;2;2;Si
2;2;11;2;2;Si
1;2;11;2;2;Si
2;2;12;2;2;Si
1;2;11;2;2;Si
3;1;12;2;2;Si
2;1;11;2;2;Si
1;2;12;2;1;Si
1;1;11;2;2;Si
2;1;11;2;2;Si
1;1;11;2;2;Si
3;2;12;2;2;Si
1;1;12;2;1;Si
2;2;11;2;2;Si
1;2;11;2;2;Si
1;2;11;2;2;Si
2;1;11;2;2;Si
1;1;11;2;2;Si
2;1;11;2;2;Si
1;1;11;2;2;Si
2;1;12;4;1;Si
2;2;11;2;2;Si
1;1;11;2;2;Si
2;2;12;2;1;Si
1;1;11;2;2;Si
4;1;4;2;2;Si
1;2;5;2;2;Si
1;1;11;2;2;Si
3;1;11;2;2;Si
4;1;12;2;1;Si
2;1;12;2;1;Si
1;1;11;2;2;Si
1;1;11;2;2;Si
3;1;10;2;2;Si
1;1;11;2;2;Si
3;2;12;2;1;Si
1;1;11;2;2;Si
1;2;1;2;2;Si
1;1;11;2;2;Si
2;2;12;2;1;Si
1;1;12;2;1;Si
1;1;11;2;2;Si
3;2;11;2;2;Si
1;1;11;2;2;Si
1;2;6;2;2;Si
4;1;10;2;2;Si
3;1;1;2;2;Si
1;1;11;2;2;Si
1;1;12;2;2;Si
1;1;11;2;2;Si
1;1;11;2;2;Si
1;2;12;2;2;Si
1;1;11;2;2;Si
2;2;12;2;2;Si
3;2;12;2;1;Si
3;1;12;2;1;Si
1;1;12;3;1;Si
2;1;12;2;1;Si
2;2;12;2;1;Si
1;2;12;2;1;Si
1;2;12;2;1;Si
1;2;12;2;1;Si
1;1;12;2;1;Si
2;1;12;3;1;Si
2;2;12;2;1;Si
1;1;12;2;1;Si
1;2;12;2;1;Si
1;2;12;2;1;Si
2;1;12;2;1;Si
2;2;12;2;1;Si
2;2;12;2;1;Si
1;1;12;2;1;Si
1;2;12;2;1;Si
1;2;12;2;1;Si
1;2;12;2;1;Si
2;2;12;2;1;Si
3;2;12;2;1;Si
4;2;12;2;1;Si
3;2;12;2;1;Si
2;2;12;2;1;Si
1;1;12;2;1;Si
2;2;12;2;1;Si
3;2;11;2;1;Si
1;1;12;2;1;Si
1;2;12;2;1;Si
1;2;12;2;1;Si
2;2;12;2;1;Si
3;2;12;2;1;Si
2;1;12;2;1;Si
1;1;12;2;1;Si
1;2;12;2;1;Si
1;2;12;2;1;Si
1;2;12;2;1;Si
1;1;12;2;1;Si
1;1;12;2;1;Si
1;2;12;2;1;Si
2;1;12;2;1;Si
1;2;12;2;1;Si
1;1;12;2;1;Si
1;2;12;2;1;Si
2;2;12;2;1;Si
1;1;12;3;1;Si
3;1;12;2;1;Si
2;1;12;3;1;Si
2;2;12;2;1;Si
2;2;12;2;1;Si
1;2;12;2;1;Si
4;1;12;2;1;Si
4;2;12;2;1;Si
2;1;12;2;1;Si
1;2;12;2;1;Si
1;2;12;2;1;Si
1;2;12;2;1;Si
4;1;12;2;1;Si
1;2;12;2;1;Si
2;2;12;2;1;Si
3;2;12;2;1;Si
3;1;12;2;1;Si
2;1;12;2;1;Si
3;1;12;2;1;Si
1;1;12;2;1;Si
1;1;12;2;1;Si
2;1;12;2;1;Si
2;2;12;2;1;Si
2;1;12;2;1;Si
1;1;12;3;1;Si
1;1;12;2;1;Si
3;1;12;2;1;Si
1;2;5;2;2;Si
1;2;11;2;2;Si
2;1;12;2;2;Si
4;1;4;2;2;Si
1;2;11;2;2;Si
3;2;11;2;2;Si
1;2;11;2;2;Si
2;2;11;2;2;Si
1;2;11;2;2;Si
1;2;6;2;2;Si
1;2;11;2;2;Si
2;2;11;2;2;Si
1;2;11;2;2;Si
1;1;11;2;2;Si
1;1;11;2;2;Si
1;2;5;2;2;Si
1;2;11;2;2;Si
1;2;7;2;2;Si
1;1;12;2;2;Si
1;2;12;2;2;Si
3;1;11;2;2;Si
2;2;5;2;2;Si
1;2;11;2;2;Si
1;2;6;2;2;Si
1;1;11;2;2;Si
1;1;11;2;2;Si
1;2;6;2;2;Si
2;2;11;2;2;Si
1;2;11;2;2;Si
2;1;11;2;2;Si
1;2;12;2;2;Si
1;2;11;2;2;Si
3;2;11;2;2;Si
1;2;11;2;2;Si
1;1;4;2;2;Si
1;2;11;2;2;Si
3;2;11;2;2;Si
1;1;10;2;2;Si
1;1;11;2;2;Si
1;2;6;2;2;Si
1;2;11;2;2;Si
2;1;11;2;2;Si
1;2;11;2;2;Si
1;2;6;2;2;Si
2;1;4;2;2;Si
2;1;12;2;2;Si
1;1;11;2;2;Si
2;2;11;2;2;Si
2;1;12;2;1;Si
3;2;12;2;1;Si
1;1;11;2;2;Si
2;1;11;2;2;Si
4;1;12;2;2;Si
2;2;11;2;2;Si
1;1;12;2;1;Si
1;1;9;2;2;Si
3;1;4;2;2;Si
1;1;12;2;2;Si
2;1;12;2;1;Si
1;1;12;2;1;Si
2;1;12;2;1;Si
1;2;11;2;2;Si
1;2;6;2;2;Si
1;2;6;2;2;Si
2;1;12;2;1;Si
1;2;12;2;1;Si
1;2;11;2;2;Si
1;2;1;2;2;Si
1;2;12;2;2;Si
2;2;12;2;1;Si
2;1;11;2;2;Si
1;2;11;2;2;Si
2;2;1;2;2;Si
3;1;1;2;1;Si
3;1;12;2;1;Si
1;2;12;2;1;Si
2;2;12;2;1;Si
1;2;12;2;1;Si
1;1;12;2;1;Si
3;1;12;2;1;Si
1;1;12;2;1;Si
2;2;12;2;1;Si
1;2;12;2;1;Si
2;2;12;2;1;Si
1;2;12;2;1;Si
1;2;12;2;1;Si
3;1;1;2;1;Si
2;2;12;2;1;Si
1;1;12;2;1;Si
2;1;12;2;1;Si
2;2;12;2;1;Si
1;2;12;2;1;Si
4;1;12;2;1;Si
3;1;12;2;1;Si
1;2;12;2;1;Si
4;2;12;2;1;Si
4;1;12;2;1;Si
4;2;12;2;1;Si
3;1;12;2;1;Si
2;2;12;2;1;Si
2;2;12;2;1;Si
1;2;12;2;1;Si
4;2;12;2;1;Si
4;2;12;2;1;Si
1;2;12;2;1;Si
1;2;12;2;1;Si
1;2;12;2;1;Si
1;1;12;2;1;Si
1;2;12;2;1;Si
2;2;12;2;1;Si
4;2;12;2;1;Si
4;1;12;2;1;Si
4;1;12;2;1;Si
4;1;12;2;1;Si
1;2;12;2;1;Si
4;1;12;2;1;Si
2;1;12;2;1;Si
2;2;12;2;1;Si
1;1;12;2;1;Si
1;2;12;2;1;Si
1;1;12;2;1;Si
2;1;12;2;1;Si
3;2;12;2;1;Si
2;2;12;2;1;Si
2;2;12;2;1;Si
1;2;12;2;1;Si
4;2;12;2;1;Si
1;2;12;2;1;Si
1;2;12;2;1;Si
2;2;12;2;1;Si
2;2;12;2;1;Si
1;1;12;2;1;Si
4;2;12;2;1;Si
4;1;12;2;1;Si
1;2;6;3;2;Si
2;2;11;3;2;Si
2;1;11;3;2;Si
1;1;11;3;2;Si
2;2;11;3;2;Si
2;2;11;3;2;Si
1;2;11;3;2;Si
2;2;11;3;2;Si
1;1;11;3;2;Si
2;1;11;3;2;Si
3;1;1;3;2;Si
3;2;11;3;2;Si
1;2;6;3;2;Si
3;1;1;3;2;Si
1;2;11;3;2;Si
2;1;11;3;2;Si
1;1;12;3;2;Si
1;1;12;3;2;Si
2;2;12;3;2;Si
1;1;12;3;2;Si
1;1;12;3;2;Si
1;1;12;3;2;Si
1;1;11;3;2;Si
1;2;11;3;2;Si
1;2;12;3;2;Si
1;1;9;3;2;Si
1;2;11;3;2;Si
2;2;12;3;2;Si
1;2;12;3;2;Si
3;2;5;3;2;Si
1;2;11;3;2;Si
1;2;11;3;2;Si
3;1;12;3;2;Si
1;2;12;3;2;Si
1;2;12;3;2;Si
1;2;6;3;2;Si
2;1;12;3;2;Si
2;2;12;3;2;Si
2;1;4;3;2;Si
1;2;1;3;2;Si
1;2;11;3;2;Si
1;2;11;3;2;Si
2;2;11;3;2;Si
2;2;11;3;2;Si
2;2;11;3;2;Si
2;2;11;3;2;Si
2;1;1;3;2;Si
3;2;11;3;2;Si
1;2;11;3;2;Si
3;1;1;3;2;Si
2;2;5;3;2;Si
2;2;11;3;2;Si
2;2;6;3;2;Si
2;2;11;3;2;Si
1;2;6;3;2;Si
2;1;1;3;2;Si
3;1;1;3;2;Si
1;2;5;3;2;Si
4;1;10;3;2;Si
1;1;11;3;2;Si
2;1;5;3;2;Si
1;2;11;3;2;Si
1;2;11;3;2;Si
1;1;11;3;2;Si
3;2;11;3;2;Si
1;2;5;3;2;Si
2;1;12;3;2;Si
1;1;11;3;2;Si
3;1;1;3;2;Si
1;2;6;3;2;Si
1;2;7;3;2;Si
1;2;1;3;2;Si
3;2;11;3;2;Si
2;2;12;2;1;Si
1;2;11;3;2;Si
1;1;12;2;1;Si
1;2;5;3;2;Si
3;1;12;2;1;Si
3;1;12;3;1;Si
1;1;12;2;1;Si
2;2;12;2;1;Si
1;2;12;2;1;Si
1;2;12;2;1;Si
1;2;12;2;1;Si
4;2;12;2;1;Si
2;2;12;2;1;Si
3;2;12;2;1;Si
2;1;12;2;1;Si
3;1;12;2;1;Si
1;2;12;2;1;Si
3;1;12;2;1;Si
4;2;12;2;1;Si
1;2;11;3;2;Si
1;2;11;3;2;Si
1;1;11;3;2;Si
2;1;11;3;2;Si
1;2;11;3;2;Si
1;2;8;3;2;Si
1;2;12;3;2;Si
1;2;11;3;2;Si
2;1;5;3;2;Si
2;2;11;3;2;Si
4;1;11;3;2;Si
2;1;10;3;2;Si
1;2;6;3;2;Si
3;1;4;3;2;Si
2;2;11;3;2;Si
2;1;12;3;2;Si
1;2;5;3;2;Si
1;1;12;3;2;Si
1;1;11;3;2;Si
3;1;11;3;2;Si
1;1;11;3;2;Si
1;2;12;2;1;Si
1;2;12;2;1;Si
2;1;12;2;1;Si
4;2;12;2;1;Si
4;2;12;2;1;Si
4;2;12;2;1;Si
3;2;12;2;1;Si
2;2;12;2;1;Si
3;1;12;2;1;Si
2;1;12;2;1;Si
1;2;12;2;1;Si
4;2;12;2;1;Si
3;2;12;2;1;Si
3;2;12;2;1;Si
1;2;12;2;1;Si
1;2;12;2;1;Si
2;2;12;2;1;Si
1;2;12;2;1;Si
1;1;12;2;1;Si
1;1;12;2;1;Si
1;2;12;2;1;Si
1;1;12;2;1;Si
3;1;12;2;1;Si
2;1;12;2;1;Si
2;2;12;2;1;Si
3;1;12;2;1;Si
1;2;12;2;1;Si
1;1;12;4;1;Si
3;1;12;2;1;Si
2;1;12;2;1;Si
1;1;12;2;1;Si
2;2;12;2;1;Si
1;2;12;2;1;Si
1;2;12;2;1;Si
1;2;12;2;1;Si
1;2;12;2;1;Si
3;1;12;2;1;Si
1;2;12;2;1;Si
1;2;12;2;1;Si
1;2;12;2;1;Si
1;2;12;2;1;Si
1;2;12;2;1;Si
1;2;12;2;1;Si
1;2;12;2;1;Si
1;2;12;2;1;Si
1;2;12;2;1;Si
4;1;12;2;1;Si
1;2;12;2;1;Si
2;2;12;2;1;Si
2;1;12;2;1;Si
2;1;12;2;1;Si
1;2;12;2;1;Si
1;2;12;2;1;Si
1;2;12;2;1;Si
1;2;12;2;1;Si
3;2;12;2;1;Si
1;1;12;2;1;Si
1;2;12;2;1;Si
1;1;12;2;1;Si
1;2;12;2;1;Si
1;2;12;2;1;Si
1;1;12;3;1;Si
1;2;12;2;1;Si
1;2;12;2;1;Si
1;2;12;2;1;Si
1;2;12;2;1;Si
2;1;12;2;1;Si
1;2;12;2;1;Si
2;2;12;2;1;Si
4;1;12;2;1;Si
1;2;12;2;1;Si
2;2;12;2;1;Si
1;2;12;2;1;Si
2;1;12;2;1;Si
1;2;12;2;1;Si
3;2;12;2;1;Si
3;2;12;2;1;Si
1;1;12;2;1;Si
3;2;12;3;1;Si
3;2;12;3;1;Si
2;2;12;3;1;Si
1;1;12;2;1;Si
3;1;12;3;1;Si
2;2;12;3;1;Si
2;2;12;3;1;Si
3;1;12;3;1;Si
1;1;12;3;1;Si
1;2;12;3;1;Si
3;2;12;3;1;Si
3;1;12;3;1;Si
4;1;12;3;1;Si
1;2;12;3;1;Si
1;2;12;3;1;Si
4;1;12;3;1;Si
3;2;12;3;1;Si
1;2;12;3;1;Si
1;2;12;3;1;Si
1;2;12;3;1;Si
1;2;12;3;1;Si
1;1;12;3;1;Si
4;1;12;3;1;Si
3;1;12;3;1;Si
2;2;12;3;1;Si
1;2;12;3;1;Si
2;1;12;3;1;Si
2;1;12;3;1;Si
1;2;12;3;1;Si
2;2;12;3;1;Si
2;2;12;3;1;Si
3;1;12;3;1;Si
3;1;12;3;1;Si
3;2;12;3;1;Si
2;2;12;3;1;Si
3;2;12;3;1;Si
2;2;12;3;1;Si
3;2;12;3;1;Si
2;1;12;3;1;Si
1;2;12;3;1;Si
2;2;12;3;1;Si
4;2;12;3;1;Si
4;1;12;3;1;Si
2;1;12;3;1;Si
3;1;12;3;1;Si
2;2;12;3;1;Si
1;2;12;3;1;Si
2;2;12;3;1;Si
3;2;12;3;1;Si
1;1;12;2;1;Si
2;1;12;3;1;Si
1;1;11;3;2;Si
1;2;11;3;2;Si
2;1;10;3;2;Si
3;1;4;3;2;Si
1;2;11;3;2;Si
3;2;11;3;2;Si
1;2;12;3;2;Si
3;2;11;3;2;Si
2;2;11;3;2;Si
3;1;4;3;2;Si
3;1;10;3;2;Si
3;2;5;3;2;Si
2;2;7;3;2;Si
1;2;6;3;2;Si
1;1;9;3;2;Si
1;2;11;3;2;Si
3;1;11;3;2;Si
4;1;12;3;2;Si
3;1;12;3;2;Si
3;1;12;3;2;Si
3;1;4;3;2;Si
2;2;11;3;2;Si
1;2;11;3;2;Si
1;2;5;3;2;Si
1;2;11;3;2;Si
1;1;10;3;2;Si
3;1;4;3;2;Si
1;2;11;3;2;Si
1;2;11;3;2;Si
3;1;4;3;2;Si
2;1;12;3;2;Si
1;1;11;3;2;Si
3;1;1;3;2;Si
2;1;12;3;2;Si
2;1;10;3;2;Si
1;2;11;3;2;Si
1;2;5;3;2;Si
1;2;11;3;2;Si
3;2;11;3;2;Si
2;2;11;3;2;Si
2;2;5;3;2;Si
3;2;11;3;2;Si
1;2;6;3;2;Si
1;2;12;3;2;Si
3;1;11;3;2;Si
2;1;9;3;2;Si
1;2;7;3;2;Si
3;1;4;3;2;Si
1;2;11;3;2;Si
3;1;11;3;2;Si
2;1;11;3;2;Si
3;1;4;3;2;Si
1;1;7;3;2;Si
4;1;12;3;2;Si
2;2;11;3;2;Si
3;1;11;3;2;Si
1;2;11;3;2;Si
1;2;12;3;2;Si
2;2;11;3;2;Si
2;2;5;3;2;Si
2;1;11;3;2;Si
2;1;11;3;2;Si
1;2;11;3;2;Si
2;2;12;3;2;Si
3;2;2;3;2;Si
3;2;11;3;2;Si
2;2;11;3;2;Si
1;2;11;3;2;Si
1;2;12;3;2;Si
2;1;11;3;2;Si
1;2;11;3;2;Si
1;2;11;3;2;Si
4;1;12;3;2;Si
1;2;12;3;2;Si
3;2;12;3;2;Si
1;1;9;3;2;Si
3;2;12;3;2;Si
1;1;11;3;2;Si
2;2;11;3;2;Si
2;1;11;3;2;Si
1;1;11;3;2;Si
1;1;9;3;2;Si
1;2;11;3;2;Si
1;2;6;3;2;Si
3;2;11;3;2;Si
2;1;12;3;2;Si
1;2;6;3;2;Si
4;1;12;3;1;Si
1;2;12;3;1;Si
1;2;12;3;1;Si
1;2;12;3;1;Si
1;1;12;3;1;Si
1;2;12;3;1;Si
1;1;11;3;2;Si
4;1;10;3;2;Si
1;1;12;3;2;Si
1;2;11;3;2;Si
3;1;4;3;2;Si
2;1;12;3;1;Si
1;1;12;3;1;Si
2;1;12;3;1;Si
3;2;12;3;1;Si
4;1;12;3;1;Si
2;2;12;3;1;Si
2;2;12;3;1;Si
1;2;12;3;1;Si
1;2;12;3;1;Si
1;2;12;3;1;Si
1;2;12;3;1;Si
1;2;12;3;1;Si
1;2;12;3;1;Si
1;1;12;3;1;Si
1;2;12;3;1;Si
3;2;12;3;1;Si
2;2;12;3;1;Si
1;1;12;3;1;Si
1;2;12;3;1;Si
2;2;12;3;1;Si
1;2;12;3;1;Si
1;2;12;3;1;Si
1;2;12;3;1;Si
1;2;12;3;1;Si
3;2;12;3;1;Si
1;2;12;3;1;Si
1;2;12;3;1;Si
1;2;12;3;1;Si
1;2;12;3;1;Si
1;2;12;3;1;Si
1;2;12;3;1;Si
2;1;12;3;1;Si
2;2;12;3;1;Si
1;1;12;3;1;Si
2;2;12;3;1;Si
2;1;12;3;1;Si
1;2;12;3;1;Si
1;2;12;3;1;Si
1;2;12;3;1;Si
2;2;12;3;1;Si
2;2;12;3;1;Si
2;2;12;3;1;Si
3;1;12;3;1;Si
3;1;12;3;1;Si
1;2;12;3;1;Si
2;1;12;3;1;Si
1;2;7;3;1;Si
2;1;12;3;1;Si
2;1;12;3;1;Si
1;2;12;3;1;Si
2;2;12;3;1;Si
2;2;12;3;1;Si
1;1;12;3;1;Si
1;2;12;3;1;Si
1;1;12;3;1;Si
1;1;12;3;1;Si
1;2;12;3;1;Si
2;2;3;1;2;Si
2;2;12;1;2;Si
2;2;12;1;2;Si
2;1;3;1;2;Si
3;2;12;1;2;Si
3;1;12;1;2;Si
1;1;12;1;2;Si
3;1;12;1;2;Si
1;1;12;1;2;Si
2;2;12;1;2;Si
2;1;1;1;2;Si
2;1;1;2;2;Si
3;2;12;2;2;Si
1;1;10;2;2;Si
3;1;12;2;2;Si
1;1;1;3;2;Si
3;1;1;3;2;Si
2;2;3;3;2;Si
2;1;11;3;2;Si
2;1;10;3;2;Si
1;2;11;3;2;Si
1;2;11;3;2;Si
1;1;12;3;2;Si
2;2;11;3;2;Si
1;2;11;3;2;Si
1;2;11;3;2;Si
3;2;11;3;2;Si
2;2;11;3;2;Si
1;2;7;3;2;Si
2;2;11;3;2;Si
2;1;10;3;2;Si
1;2;12;3;2;Si
1;1;7;3;2;Si
1;2;11;3;2;Si
1;1;10;3;2;Si
1;2;11;3;2;Si
3;2;11;3;2;Si
1;2;11;3;2;Si
1;2;12;3;2;Si
2;1;1;3;2;Si
1;2;12;3;2;Si
1;1;7;3;2;Si
3;1;4;3;2;Si
4;1;11;3;2;Si
1;2;7;3;2;Si
1;2;11;3;2;Si
2;1;11;3;2;Si
3;1;1;3;2;Si
1;2;12;3;2;Si
3;2;8;3;2;Si
1;2;7;3;2;Si
2;1;11;3;2;Si
2;1;10;3;2;Si
1;1;12;3;2;Si
2;2;11;3;2;Si
3;1;4;3;2;Si
2;1;3;3;2;Si
1;2;11;3;2;Si
2;2;5;3;2;Si
1;2;7;3;2;Si
1;2;7;3;2;Si
2;1;11;3;2;Si
1;2;12;3;2;Si
1;2;7;3;2;Si
1;2;11;3;2;Si
2;1;11;3;2;Si
1;2;11;3;2;Si
1;2;11;3;2;Si
1;2;6;3;2;Si
1;2;6;3;2;Si
1;2;11;3;2;Si
3;2;12;3;2;Si
2;2;4;3;2;Si
3;1;11;3;2;Si
2;1;11;3;2;Si
1;2;7;3;2;Si
4;1;4;3;2;Si
1;1;4;3;2;Si
1;2;7;3;2;Si
1;2;12;3;1;Si
4;1;12;3;1;Si
3;1;12;3;1;Si
2;1;12;3;1;Si
2;1;12;4;1;Si
2;1;12;3;1;Si
1;1;12;3;1;Si
1;2;12;3;1;Si
1;2;12;3;2;Si
1;2;11;3;2;Si
4;1;12;3;2;Si
1;2;7;3;2;Si
2;2;11;3;2;Si
1;2;7;3;2;Si
1;2;11;3;2;Si
1;1;10;3;2;Si
2;1;11;3;2;Si
1;2;7;3;2;Si
1;2;11;3;2;Si
1;2;12;3;2;Si
3;2;11;3;2;Si
1;1;4;3;2;Si
3;2;11;3;2;Si
1;2;11;3;2;Si
4;2;12;3;2;Si
1;1;11;3;2;Si
1;2;11;3;2;Si
1;2;7;3;2;Si
4;1;11;3;2;Si
2;1;11;3;2;Si
1;2;11;3;2;Si
1;2;11;3;2;Si
1;2;11;3;2;Si
4;1;11;3;2;Si
1;2;7;3;2;Si
1;2;11;3;2;Si
3;1;11;3;2;Si
2;2;5;3;2;Si
2;1;12;3;1;Si
1;2;12;3;1;Si
2;1;12;3;1;Si
1;1;12;3;1;Si
1;1;12;3;1;Si
1;1;12;3;1;Si
1;2;12;3;1;Si
1;2;12;3;1;Si
1;2;12;3;1;Si
1;2;12;3;1;Si
2;1;12;3;1;Si
4;1;12;3;1;Si
1;2;12;3;1;Si
2;2;12;3;1;Si
2;1;12;3;1;Si
1;2;12;3;1;Si
1;1;12;3;1;Si
3;1;12;3;1;Si
3;1;12;3;1;Si
3;1;12;3;1;Si
3;2;12;3;1;Si
1;2;12;3;1;Si
1;1;12;3;1;Si
1;2;12;3;1;Si
3;2;12;3;1;Si
2;2;12;3;1;Si
3;1;12;3;1;Si
1;2;12;3;1;Si
3;2;12;3;1;Si
1;1;12;3;1;Si
2;2;12;3;1;Si
2;2;7;3;1;Si
1;1;12;3;1;Si
3;2;12;3;1;Si
1;2;12;3;1;Si
1;1;12;3;1;Si
1;2;12;3;1;Si
3;2;12;3;1;Si
1;1;12;3;1;Si
2;2;12;3;1;Si
3;1;12;3;1;Si
2;1;12;3;1;Si
1;2;12;3;1;Si
1;2;12;3;1;Si
1;1;12;3;1;Si
1;1;12;4;1;Si
1;2;12;3;1;Si
2;2;12;3;1;Si
2;2;12;3;1;Si
2;2;12;3;1;Si
1;1;12;3;1;Si
2;1;12;3;1;Si
2;1;12;3;1;Si
1;2;12;3;1;Si
2;2;12;3;1;Si
2;1;12;3;1;Si
1;2;12;3;1;Si
3;1;12;3;1;Si
3;2;12;3;1;Si
3;2;12;3;1;Si
1;2;12;3;1;Si
2;1;11;3;2;Si
3;2;12;3;2;Si
1;2;11;3;2;Si
1;2;7;3;2;Si
4;1;12;3;2;Si
2;2;11;3;2;Si
3;1;4;3;2;Si
1;2;12;3;2;Si
2;1;11;3;2;Si
1;2;11;3;2;Si
1;1;11;3;2;Si
1;1;11;3;2;Si
2;1;12;3;2;Si
1;1;10;3;2;Si
1;2;12;3;2;Si
3;2;2;3;2;Si
1;2;7;3;2;Si
1;1;4;3;2;Si
3;1;11;3;2;Si
2;2;11;3;2;Si
2;2;11;3;2;Si
3;1;1;3;2;Si
3;1;1;3;2;Si
1;1;11;3;2;Si
2;2;11;3;2;Si
3;2;3;3;2;Si
1;2;11;3;2;Si
1;1;12;3;2;Si
2;1;7;3;2;Si
2;1;11;3;2;Si
1;2;11;3;2;Si
1;2;11;3;2;Si
2;1;11;3;2;Si
1;2;11;3;2;Si
2;2;11;3;2;Si
1;2;11;3;2;Si
1;1;11;3;2;Si
1;1;11;3;2;Si
1;2;11;3;2;Si
1;2;11;3;2;Si
1;1;11;3;2;Si
4;1;12;3;2;Si
1;2;1;3;2;Si
2;1;11;3;2;Si
1;2;1;3;2;Si
3;1;12;3;2;Si
1;2;11;3;2;Si
1;2;1;3;2;Si
1;2;7;3;2;Si
1;2;7;3;2;Si
1;2;7;3;2;Si
1;2;11;3;2;Si
1;1;11;3;2;Si
1;2;11;3;2;Si
1;2;11;3;2;Si
1;2;11;3;2;Si
1;1;11;3;2;Si
1;2;6;3;2;Si
1;1;11;3;2;Si
2;2;11;3;2;Si
2;1;11;3;2;Si
2;2;5;3;2;Si
3;1;1;3;2;Si
1;2;12;3;2;Si
1;1;11;3;2;Si
1;1;11;3;2;Si
2;1;11;3;2;Si
2;1;11;3;2;Si
2;2;5;3;2;Si
1;1;11;3;2;Si
1;1;11;3;2;Si
2;1;11;3;2;Si
2;1;11;3;2;Si
2;2;5;3;2;Si
1;2;5;3;2;Si
1;1;11;3;2;Si
2;2;11;3;2;Si
3;1;12;3;2;Si
2;1;7;3;2;Si
1;1;11;3;2;Si
1;2;7;3;2;Si
1;1;11;3;2;Si
1;2;7;3;2;Si
1;1;11;3;2;Si
2;1;7;3;2;Si
3;1;11;3;2;Si
1;1;7;3;2;Si
1;2;11;3;2;Si
3;2;12;3;1;Si
3;2;12;3;1;Si
1;1;12;3;2;Si
1;2;12;3;1;Si
3;1;12;3;1;Si
3;1;12;3;1;Si
2;2;12;3;1;Si
2;2;12;3;1;Si
2;1;12;3;1;Si
1;2;12;3;1;Si
2;2;12;3;1;Si
4;1;12;3;1;Si
1;1;11;3;2;Si
2;2;11;3;2;Si
1;1;11;3;2;Si
1;1;11;3;2;Si
1;1;7;3;2;Si
1;2;7;3;2;Si
1;2;12;3;2;Si
1;2;11;3;2;Si
2;2;12;3;2;Si
1;1;11;3;2;Si
1;1;11;3;2;Si
4;1;11;3;2;Si
1;1;11;3;2;Si
1;1;11;3;2;Si
1;2;7;3;2;Si
1;1;11;3;2;Si
2;2;11;3;2;Si
1;1;11;3;2;Si
2;2;7;3;2;Si
2;1;11;3;2;Si
1;2;7;3;2;Si
2;1;11;3;2;Si
3;1;4;3;2;Si
1;2;7;3;2;Si
1;1;11;3;2;Si
3;1;12;3;2;Si
3;1;12;3;2;Si
3;2;11;3;2;Si
2;1;11;3;2;Si
1;2;7;3;2;Si
1;2;11;3;2;Si
1;2;6;3;2;Si
2;2;11;3;2;Si
1;2;11;3;2;Si
3;1;12;3;2;Si
1;2;11;3;2;Si
1;2;7;3;2;Si
1;2;11;3;2;Si
1;2;7;3;2;Si
1;1;12;3;2;Si
2;2;11;3;2;Si
1;2;7;3;2;Si
1;2;11;3;2;Si
2;2;2;3;2;Si
1;1;12;3;2;Si
1;2;11;3;2;Si
1;2;7;3;2;Si
1;1;11;3;2;Si
1;2;11;3;2;Si
2;1;12;3;1;Si
1;2;12;3;1;Si
1;2;12;3;1;Si
3;1;12;3;1;Si
2;2;12;3;1;Si
1;2;12;3;1;Si
1;2;12;3;1;Si
1;2;12;3;1;Si
2;2;12;3;1;Si
1;2;12;3;1;Si
2;2;12;3;1;Si
2;2;12;3;1;Si
2;2;12;3;1;Si
1;2;12;3;1;Si
2;1;12;3;1;Si
2;2;12;3;1;Si
2;2;12;3;1;Si
1;2;12;3;1;Si
2;2;12;3;1;Si
1;2;12;3;1;Si
1;2;12;3;1;Si
1;2;12;3;1;Si
4;1;12;3;1;Si
1;1;12;3;1;Si
1;2;12;3;1;Si
1;2;12;3;1;Si
2;1;12;3;1;Si
1;2;12;3;1;Si
1;1;12;3;1;Si
2;1;12;3;1;Si
1;2;12;3;1;Si
1;1;12;3;1;Si
3;1;12;3;1;Si
1;2;12;3;1;Si
3;1;12;3;1;Si
1;1;12;3;1;Si
1;1;12;3;1;Si
2;1;12;3;1;Si
1;1;12;3;1;Si
1;2;12;3;1;Si
1;2;12;3;1;Si
2;2;12;3;1;Si
1;1;12;3;1;Si
3;1;12;3;1;Si
2;2;12;3;1;Si
2;2;12;3;1;Si
2;1;12;3;1;Si
1;1;12;3;1;Si
2;2;12;3;1;Si
3;1;12;3;1;Si
1;1;12;3;1;Si
1;2;12;3;1;Si
1;2;12;3;1;Si
1;2;12;3;1;Si
1;2;12;3;1;Si
4;1;12;3;1;Si
1;1;12;3;1;Si
2;2;12;3;1;Si
2;2;12;3;1;Si
2;1;12;3;1;Si
3;2;12;3;1;Si
1;2;12;3;1;Si
3;1;12;3;1;Si
1;2;12;3;1;Si
2;2;12;3;1;Si
3;2;12;3;1;Si
1;2;12;3;1;Si
2;2;12;3;1;Si
1;1;12;3;1;Si
2;2;12;3;1;Si
2;2;12;3;1;Si
3;1;12;3;1;Si
1;2;12;3;1;Si
2;2;12;3;1;Si
1;2;12;3;1;Si
1;1;12;3;1;Si
1;2;12;3;1;Si
1;2;12;3;1;Si
2;2;12;3;1;Si
2;2;12;3;1;Si
1;2;12;3;1;Si
1;2;12;3;1;Si
2;1;12;3;1;Si
2;1;12;3;1;Si
1;2;12;3;1;Si
3;1;12;3;1;Si
3;1;12;3;1;Si
2;2;12;3;1;Si
4;1;12;3;1;Si
1;2;12;3;1;Si
1;2;12;3;1;Si
2;2;12;3;1;Si
4;1;12;3;1;Si
1;1;12;3;1;Si
2;2;12;3;1;Si
3;1;12;3;1;Si
3;1;12;3;1;Si
1;2;12;3;1;Si
2;2;12;3;1;Si
4;1;12;3;1;Si
2;2;12;3;1;Si
1;2;12;3;1;Si
1;2;12;3;1;Si
2;2;12;3;1;Si
2;2;12;3;1;Si
4;1;12;3;1;Si
1;2;12;3;1;Si
2;2;12;3;1;Si
3;1;12;3;1;Si
3;2;12;3;1;Si
1;1;12;3;1;Si
3;2;12;3;1;Si
2;2;12;3;1;Si
3;2;12;3;1;Si
1;2;12;3;1;Si
3;2;12;3;1;Si
1;1;12;3;1;Si
1;2;12;3;1;Si
3;2;12;3;1;Si
2;1;12;3;1;Si
1;2;12;3;1;Si
4;1;12;3;1;Si
1;2;12;3;1;Si
2;2;12;3;1;Si
2;2;12;3;1;Si
3;2;12;3;1;Si
1;2;12;3;1;Si
2;1;12;3;1;Si
1;2;12;3;1;Si
1;2;12;3;1;Si
1;2;12;3;1;Si
1;2;12;3;1;Si
3;1;12;3;1;Si
1;2;12;3;1;Si
1;2;12;3;1;Si
2;2;12;3;1;Si
4;1;12;3;1;Si
1;2;12;3;1;Si
1;2;12;3;1;Si
1;2;12;3;1;Si
2;1;12;3;1;Si
1;2;12;3;1;Si
2;2;12;3;1;Si
1;2;12;3;1;Si
1;2;12;3;1;Si
1;1;12;3;1;Si
1;2;12;3;1;Si
1;2;12;3;1;Si
2;2;12;3;1;Si
1;2;12;3;1;Si
1;1;12;3;1;Si
1;2;12;3;1;Si
1;2;12;3;1;Si
2;2;12;3;1;Si
1;1;12;3;1;Si
1;2;12;3;1;Si
1;2;12;3;1;Si
4;2;12;3;1;Si
4;1;12;3;1;Si
1;2;12;3;1;Si
3;2;12;3;1;Si
2;2;12;3;1;Si
1;1;12;3;1;Si
1;1;12;3;1;Si
1;1;12;3;1;Si
1;2;12;3;1;Si
3;2;12;3;1;Si
4;2;12;3;1;Si
1;2;12;3;1;Si
1;2;12;3;1;Si
1;2;11;3;1;Si
1;2;12;3;2;Si
3;2;3;3;2;Si
2;2;11;3;2;Si
1;2;1;3;2;Si
3;1;4;3;2;Si
1;2;7;3;2;Si
1;2;7;3;2;Si
1;1;11;3;2;Si
1;1;11;3;2;Si
1;1;11;3;2;Si
2;1;11;3;2;Si
1;1;11;3;2;Si
1;2;11;3;2;Si
2;2;11;3;2;Si
2;1;12;3;2;Si
3;2;11;3;2;Si
1;2;11;3;2;Si
1;1;11;3;2;Si
2;2;11;3;2;Si
1;2;12;3;2;Si
1;2;11;3;2;Si
2;2;11;3;2;Si
1;1;12;3;2;Si
1;2;5;3;2;Si
1;1;1;3;2;Si
3;1;11;3;2;Si
2;2;11;3;2;Si
1;1;11;3;2;Si
1;2;7;3;2;Si
2;1;11;3;2;Si
2;2;5;3;2;Si
1;1;11;3;2;Si
1;1;11;3;2;Si
1;2;11;3;2;Si
1;1;11;3;2;Si
2;2;11;3;2;Si
3;1;11;3;2;Si
2;1;9;3;2;Si
1;1;11;3;2;Si
3;1;11;3;2;Si
1;2;11;3;2;Si
1;2;11;3;2;Si
1;2;11;3;2;Si
2;2;7;3;2;Si
1;1;10;3;2;Si
1;2;7;3;2;Si
1;1;10;3;2;Si
1;1;10;3;2;Si
1;1;7;3;2;Si
3;1;11;3;2;Si
1;1;7;3;2;Si
3;1;4;3;2;Si
3;2;11;3;2;Si
1;2;6;3;2;Si
4;2;8;3;2;Si
1;2;12;3;2;Si
1;2;11;3;2;Si
2;2;12;3;2;Si
2;2;12;3;2;Si
1;1;11;3;2;Si
1;2;11;3;2;Si
3;2;11;3;2;Si
2;1;11;3;2;Si
1;2;11;3;2;Si
2;1;7;3;2;Si
1;2;7;3;2;Si
2;2;11;3;2;Si
1;1;11;3;2;Si
2;2;5;3;2;Si
1;2;7;3;2;Si
2;1;4;3;2;Si
1;1;11;3;2;Si
1;1;12;3;2;Si
2;1;10;3;2;Si
2;1;11;3;2;Si
3;1;12;3;2;Si
1;2;11;3;2;Si
1;2;11;3;2;Si
1;1;10;3;2;Si
2;1;11;3;2;Si
1;2;11;3;2;Si
1;2;11;3;2;Si
4;1;1;3;2;Si
1;1;4;3;2;Si
1;2;6;3;2;Si
3;1;4;3;2;Si
1;1;11;3;2;Si
1;2;11;3;2;Si
1;2;6;3;2;Si
1;1;11;3;2;Si
2;2;5;3;2;Si
1;1;11;3;2;Si
4;1;1;3;2;Si
1;1;11;3;2;Si
2;1;11;3;2;Si
3;2;3;3;2;Si
1;2;12;3;1;Si
1;2;12;3;1;Si
1;2;12;3;1;Si
1;2;12;3;1;Si
2;2;12;3;1;Si
1;1;12;3;1;Si
1;2;12;3;1;Si
1;1;12;3;1;Si
3;2;12;3;1;Si
1;2;12;3;1;Si
1;2;12;3;1;Si
2;2;12;3;1;Si
2;1;12;3;1;Si
3;1;12;3;1;Si
1;1;12;3;1;Si
3;2;12;3;1;Si
2;2;12;3;1;Si
1;2;12;3;1;Si
2;2;12;3;1;Si
2;1;12;3;1;Si
2;1;12;3;1;Si
2;2;12;3;1;Si
1;2;12;3;1;Si
1;2;12;3;1;Si
1;2;12;3;1;Si
4;1;12;3;1;Si
1;1;12;3;1;Si
1;2;12;3;1;Si
2;2;12;3;1;Si
2;2;12;3;1;Si
3;1;12;3;1;Si
1;2;12;3;1;Si
3;1;12;3;1;Si
4;1;12;3;1;Si
2;2;12;3;1;Si
1;1;12;3;1;Si
2;1;12;3;1;Si
1;1;12;3;1;Si
3;1;12;3;2;Si
1;2;6;3;2;Si
1;1;11;3;2;Si
3;2;3;3;2;Si
4;1;12;3;2;Si
3;2;11;3;2;Si
1;2;1;3;2;Si
2;1;11;3;2;Si
1;2;4;3;2;Si
2;2;11;3;2;Si
3;2;11;3;2;Si
2;2;11;3;2;Si
3;1;3;3;2;Si
2;2;11;3;2;Si
2;2;11;3;2;Si
1;1;11;3;2;Si
2;2;11;3;2;Si
1;1;11;3;2;Si
1;2;11;3;2;Si
2;2;12;3;2;Si
1;2;6;3;2;Si
1;1;11;3;2;Si
2;1;11;3;2;Si
2;1;11;3;2;Si
1;1;11;3;2;Si
1;1;11;3;2;Si
1;1;7;3;2;Si
1;2;11;3;2;Si
1;2;6;3;2;Si
1;1;11;3;2;Si
2;2;11;3;2;Si
1;1;11;3;2;Si
1;2;11;3;2;Si
3;1;11;3;2;Si
1;1;11;3;2;Si
2;1;11;3;2;Si
1;2;6;3;2;Si
1;2;11;3;2;Si
1;2;5;3;2;Si
2;2;6;3;2;Si
1;2;7;3;2;Si
1;1;5;3;2;Si
1;2;11;3;2;Si
1;1;11;3;2;Si
1;1;11;3;2;Si
1;2;6;3;2;Si
1;2;12;3;2;Si
1;1;11;3;2;Si
1;2;11;3;2;Si
1;2;11;3;2;Si
1;2;6;3;2;Si
1;1;11;3;2;Si
2;1;11;3;2;Si
1;2;7;3;2;Si
1;1;11;3;2;Si
1;1;9;3;2;Si
1;1;10;3;2;Si
1;2;6;3;2;Si
1;2;11;3;2;Si
1;2;5;3;2;Si
2;2;12;3;1;Si
3;2;12;3;1;Si
3;1;4;3;2;Si
1;1;12;3;1;Si
2;2;12;3;1;Si
1;2;12;3;1;Si
3;1;12;3;1;Si
2;2;12;3;1;Si
1;2;12;3;1;Si
1;2;12;3;1;Si
2;2;12;3;1;Si
1;2;12;3;1;Si
2;2;12;3;1;Si
2;1;12;3;1;Si
1;2;12;3;1;Si
2;2;12;3;1;Si
2;1;11;3;2;Si
2;1;11;3;2;Si
1;1;1;3;2;Si
2;2;11;3;2;Si
1;1;11;3;2;Si
1;2;11;3;2;Si
1;1;12;3;2;Si
1;1;12;3;2;Si
1;1;10;3;2;Si
2;2;11;3;2;Si
2;2;11;3;2;Si
1;1;11;3;2;Si
1;2;7;3;2;Si
2;1;11;3;2;Si
3;2;12;3;2;Si
3;1;1;3;2;Si
1;2;6;3;2;Si
1;1;11;3;2;Si
2;1;11;3;2;Si
2;2;11;3;2;Si
1;1;11;3;2;Si
1;2;11;3;2;Si
1;1;11;3;2;Si
1;1;7;3;2;Si
2;1;11;3;2;Si
2;1;11;3;2;Si
2;1;11;3;2;Si
3;2;11;3;2;Si
1;1;11;3;2;Si
2;2;5;3;2;Si
1;2;12;3;2;Si
1;1;11;3;2;Si
1;1;11;3;2;Si
2;1;11;3;2;Si
1;1;11;3;2;Si
1;2;5;3;2;Si
1;1;11;3;2;Si
1;2;11;3;2;Si
1;2;11;3;2;Si
1;2;11;3;2;Si
3;2;12;3;2;Si
1;2;11;4;2;Si
1;2;12;3;1;Si
3;1;12;3;1;Si
1;2;12;3;1;Si
1;2;12;3;1;Si
3;1;12;3;1;Si
1;2;12;3;1;Si
2;2;12;3;1;Si
2;2;12;3;1;Si
2;2;12;3;1;Si
2;2;12;3;1;Si
2;2;12;3;1;Si
2;2;12;3;1;Si
1;2;12;3;1;Si
1;2;12;3;1;Si
1;1;12;4;1;Si
3;2;12;3;1;Si
1;2;12;3;1;Si
2;2;12;3;1;Si
2;2;12;3;1;Si
2;2;12;3;1;Si
1;2;12;3;1;Si
4;2;11;3;1;Si
1;2;12;3;1;Si
3;2;12;3;1;Si
1;1;12;4;1;Si
1;2;12;3;1;Si
1;2;12;3;1;Si
1;1;12;4;1;Si
3;2;12;3;1;Si
2;2;12;3;1;Si
1;2;12;3;1;Si
2;1;12;3;1;Si
1;2;12;3;1;Si
4;2;12;3;1;Si
2;2;12;3;1;Si
2;2;12;3;1;Si
1;2;12;3;1;Si
3;2;12;3;1;Si
4;2;12;3;1;Si
3;1;12;3;1;Si
2;2;12;3;1;Si
3;2;12;3;1;Si
3;2;12;3;1;Si
1;2;12;3;1;Si
1;2;12;3;1;Si
3;1;12;3;1;Si
1;2;12;3;1;Si
2;1;12;3;1;Si
1;2;12;3;1;Si
1;2;12;3;1;Si
1;2;12;3;1;Si
1;2;12;3;1;Si
1;2;12;3;1;Si
2;1;12;3;1;Si
1;1;12;3;1;Si
1;2;12;3;1;Si
1;2;12;3;1;Si
1;2;12;3;1;Si
1;2;11;3;1;Si
1;1;11;4;2;Si
2;2;12;4;2;Si
1;1;10;4;2;Si
1;2;12;4;2;Si
1;2;6;4;2;Si
1;1;11;4;2;Si
3;1;12;4;2;Si
1;2;11;4;2;Si
1;1;11;4;2;Si
1;2;5;4;2;Si
3;2;11;4;2;Si
1;1;11;4;2;Si
1;1;11;4;2;Si
2;1;10;4;2;Si
2;1;10;4;2;Si
2;2;11;4;2;Si
1;1;11;4;2;Si
1;1;11;4;2;Si
1;1;11;4;2;Si
1;1;11;4;2;Si
2;2;5;4;2;Si
1;1;11;4;2;Si
2;1;11;4;2;Si
3;2;11;4;2;Si
2;2;11;4;2;Si
1;2;11;4;2;Si
2;2;11;4;2;Si
2;2;11;4;2;Si
2;1;10;4;2;Si
2;1;12;4;2;Si
1;1;11;4;2;Si
1;1;11;4;2;Si
1;1;11;4;2;Si
1;1;11;4;2;Si
1;1;11;4;2;Si
1;2;7;4;2;Si
1;2;5;4;2;Si
1;2;11;4;2;Si
1;1;4;4;2;Si
2;1;12;4;2;Si
3;1;2;4;2;Si
1;2;11;4;2;Si
2;2;11;4;2;Si
1;1;11;4;2;Si
2;2;7;4;2;Si
1;2;12;4;2;Si
2;2;11;4;2;Si
3;1;2;4;2;Si
1;2;11;4;2;Si
3;1;11;4;2;Si
2;2;11;4;2;Si
2;2;11;4;2;Si
2;2;11;4;2;Si
3;2;11;4;2;Si
1;2;12;4;2;Si
1;1;11;4;2;Si
2;2;12;4;2;Si
1;2;11;4;2;Si
1;1;11;4;2;Si
1;1;11;4;2;Si
1;1;11;4;2;Si
1;1;11;4;2;Si
1;2;11;4;2;Si
1;2;5;4;2;Si
2;2;11;4;2;Si
2;2;11;4;2;Si
1;1;11;4;2;Si
1;1;7;4;2;Si
1;2;11;4;2;Si
1;2;11;4;2;Si
1;1;11;4;2;Si
1;1;11;4;2;Si
1;1;11;4;2;Si
2;1;9;4;2;Si
1;2;11;4;2;Si
1;1;11;4;2;Si
1;1;11;4;2;Si
1;1;11;4;2;Si
1;1;11;4;2;Si
1;1;11;4;2;Si
1;2;11;4;2;Si
1;1;10;4;2;Si
1;2;12;4;2;Si
1;2;11;4;2;Si
1;1;11;4;2;Si
2;2;11;4;2;Si
1;1;11;4;2;Si
1;2;11;4;2;Si
1;2;5;4;2;Si
1;1;11;4;2;Si
3;2;11;4;2;Si
1;1;11;4;2;Si
1;2;11;4;2;Si
1;1;11;4;2;Si
3;1;9;4;2;Si
1;1;11;4;2;Si
3;2;12;3;1;Si
3;2;12;3;1;Si
2;2;12;3;1;Si
1;2;12;3;1;Si
1;2;12;3;1;Si
1;2;12;3;1;Si
1;2;12;3;1;Si
1;1;12;3;1;Si
1;1;12;4;1;Si
1;1;12;3;1;Si
1;1;12;4;1;Si
1;1;12;3;1;Si
1;2;12;3;1;Si
2;2;12;3;1;Si
2;2;12;3;1;Si
3;1;12;3;1;Si
1;2;12;3;1;Si
2;1;12;3;1;Si
2;1;12;4;2;Si
2;2;5;4;2;Si
1;1;11;4;2;Si
2;2;11;4;2;Si
1;1;11;4;2;Si
1;1;7;4;2;Si
1;2;11;4;2;Si
1;2;1;4;2;Si
1;1;11;4;2;Si
1;1;11;4;2;Si
2;2;11;4;2;Si
2;2;12;4;2;Si
3;2;7;4;2;Si
1;2;7;4;2;Si
1;2;5;4;2;Si
1;2;11;4;2;Si
1;2;11;4;2;Si
1;1;11;4;2;Si
4;1;1;4;2;Si
1;2;11;4;2;Si
1;1;11;4;2;Si
1;1;4;4;2;Si
1;2;11;4;2;Si
1;1;11;4;2;Si
4;1;12;2;1;Si
1;1;12;3;1;Si
1;1;12;3;1;Si
2;2;12;3;1;Si
1;1;12;3;1;Si
1;2;12;3;1;Si
3;1;12;3;1;Si
1;2;12;3;1;Si
1;2;12;3;1;Si
3;1;12;3;1;Si
2;1;12;3;1;Si
1;2;12;3;1;Si
1;2;12;3;1;Si
1;2;12;3;1;Si
1;2;12;3;1;Si
1;2;12;3;1;Si
1;2;12;3;1;Si
1;2;12;4;1;Si
2;2;12;3;1;Si
1;2;12;3;1;Si
1;2;12;3;1;Si
1;2;12;3;1;Si
2;1;12;4;1;Si
2;2;12;3;1;Si
1;2;12;3;1;Si
1;1;12;3;1;Si
1;2;12;3;1;Si
1;2;12;3;1;Si
2;2;12;3;1;Si
1;2;12;3;1;Si
1;2;12;3;1;Si
1;2;12;3;1;Si
1;2;12;3;1;Si
1;2;12;3;1;Si
4;1;12;3;1;Si
1;2;12;3;1;Si
3;1;4;3;1;Si
1;2;12;3;1;Si
4;2;12;3;1;Si
2;1;12;4;1;Si
2;1;12;3;1;Si
2;2;12;3;1;Si
1;2;12;3;1;Si
1;2;12;3;1;Si
2;2;12;3;1;Si
1;2;12;3;1;Si
2;2;12;3;1;Si
2;2;12;3;1;Si
1;2;12;3;1;Si
1;1;12;3;1;Si
2;2;12;3;1;Si
3;2;12;4;1;Si
1;2;12;4;1;Si
1;2;12;4;1;Si
1;2;12;4;1;Si
1;2;12;4;1;Si
1;2;12;4;1;Si
1;2;12;4;1;Si
2;1;12;4;1;Si
2;1;12;4;1;Si
1;2;12;4;1;Si
2;2;12;4;1;Si
3;2;12;4;1;Si
1;2;12;4;1;Si
1;2;12;4;1;Si
1;2;12;4;1;Si
1;1;12;4;1;Si
1;2;12;4;1;Si
1;2;12;4;1;Si
3;2;12;4;1;Si
1;2;12;4;1;Si
1;2;11;4;2;Si
1;2;5;4;2;Si
1;2;5;4;2;Si
1;2;11;4;2;Si
1;1;11;4;2;Si
3;1;1;4;2;Si
2;2;11;4;2;Si
1;1;11;4;2;Si
2;2;11;4;2;Si
1;1;11;4;2;Si
1;1;11;4;2;Si
1;2;12;4;2;Si
2;2;11;4;2;Si
1;1;11;4;2;Si
2;2;11;4;2;Si
1;2;11;4;2;Si
2;1;11;4;2;Si
4;1;1;4;2;Si
3;1;4;4;2;Si
1;1;11;4;2;Si
3;1;1;4;2;Si
2;2;4;4;2;Si
3;1;4;4;2;Si
1;1;11;4;2;Si
1;2;11;4;2;Si
2;2;11;4;2;Si
4;1;1;4;2;Si
1;2;11;4;2;Si
3;2;11;4;2;Si
2;2;11;4;2;Si
1;2;6;4;2;Si
1;1;11;4;2;Si
2;2;11;4;2;Si
1;1;11;4;2;Si
1;2;11;4;2;Si
1;2;11;4;2;Si
2;1;11;4;2;Si
1;1;11;4;2;Si
1;1;11;4;2;Si
3;1;12;4;2;Si
1;2;11;4;2;Si
1;2;11;4;2;Si
1;1;11;4;2;Si
2;1;11;4;2;Si
1;1;1;4;2;Si
1;1;12;4;2;Si
2;2;11;4;2;Si
1;2;11;4;2;Si
3;2;11;4;2;Si
1;1;11;4;2;Si
1;2;11;4;2;Si
1;1;11;4;2;Si
3;2;1;4;2;Si
1;1;11;4;2;Si
1;2;11;4;2;Si
1;1;11;4;2;Si
1;1;11;4;2;Si
1;1;11;4;2;Si
1;1;11;4;2;Si
2;1;11;4;2;Si
1;2;11;4;2;Si
1;1;11;4;2;Si
1;1;11;4;2;Si
1;1;11;4;2;Si
2;2;11;4;2;Si
1;2;11;4;2;Si
1;2;11;4;2;Si
1;1;11;4;2;Si
1;2;7;4;2;Si
2;2;11;4;2;Si
2;2;11;4;2;Si
1;1;11;4;2;Si
2;2;12;4;2;Si
2;2;11;4;2;Si
2;2;11;4;2;Si
1;2;11;4;2;Si
2;2;12;4;1;Si
1;2;12;4;1;Si
1;2;12;4;1;Si
1;2;12;4;1;Si
1;1;11;4;2;Si
1;1;11;4;2;Si
2;2;12;4;2;Si
1;2;11;4;2;Si
2;2;11;4;2;Si
1;1;11;4;2;Si
1;2;11;4;2;Si
1;1;11;4;2;Si
2;2;11;4;2;Si
3;1;4;4;2;Si
1;2;6;4;2;Si
2;2;11;4;2;Si
1;2;6;4;2;Si
1;1;11;4;2;Si
3;1;11;3;2;No
2;2;11;2;2;No
1;2;6;3;2;No
1;2;11;3;2;No
1;2;11;3;2;No
4;1;11;4;2;No
4;2;11;1;1;No
1;2;11;1;2;No
4;2;11;1;1;No
4;2;11;2;2;No
1;2;12;2;1;No
1;2;7;2;2;No
3;1;12;4;2;No
1;1;11;2;2;No
1;1;11;2;2;No
1;1;11;2;2;No
4;1;12;2;1;No
1;2;11;1;2;No
2;2;12;1;1;No
4;2;12;2;1;No
1;2;11;2;2;No
1;2;11;2;2;No
1;2;6;3;2;No
3;1;11;3;2;No
4;1;11;3;2;No
3;1;4;3;1;No
4;1;11;1;1;No
3;1;11;2;1;No
3;1;11;3;1;No
3;1;1;3;1;No
1;1;1;2;1;No
4;1;1;2;1;No
3;1;11;3;2;No
3;1;12;1;2;No
2;1;12;2;2;No
4;1;12;4;2;No
4;1;12;4;2;No
3;1;12;4;2;No
3;1;12;4;2;No
3;1;12;4;2;No
3;1;12;4;2;No
3;2;8;2;1;No
1;1;12;1;1;No
3;2;11;3;1;No
4;1;11;3;1;No
1;1;11;3;1;No
4;1;11;3;1;No
2;1;11;3;1;No
3;1;1;3;1;No
3;1;1;3;1;No
3;1;1;3;1;No
2;1;1;3;1;No
3;2;12;2;1;No
1;1;11;3;1;No
3;1;1;3;1;No
2;1;4;3;1;No
3;1;1;3;1;No
1;2;6;3;2;No
4;1;1;3;1;No
2;1;4;3;1;No
4;1;1;3;1;No
2;1;4;3;1;No
2;2;6;3;2;No
3;1;8;2;1;No
3;2;11;3;2;No
2;2;11;3;2;No
2;2;11;3;2;No
2;2;11;3;1;No
2;2;11;3;1;No
2;2;11;3;1;No
2;1;11;4;1;No
1;2;5;4;1;No
1;2;11;2;1;No
3;2;12;3;1;No
3;2;12;3;1;No
3;1;12;3;2;No
3;1;12;3;2;No
3;1;12;3;2;No
3;1;12;3;2;No
1;1;11;3;1;No
3;1;11;4;1;No
1;1;11;2;1;No
3;2;11;2;1;No
1;2;11;3;1;No
3;2;11;3;1;No
1;2;11;3;1;No
3;2;11;3;1;No
3;2;11;3;1;No
3;2;6;2;1;No
2;2;6;2;1;No
1;2;6;3;1;No
3;2;12;3;1;No
1;1;11;3;1;No
1;2;6;3;1;No
1;1;11;3;1;No
1;1;11;3;1;No
2;1;12;3;2;No
2;1;12;3;2;No
2;1;12;3;2;No
2;1;12;3;2;No
2;1;12;3;2;No
2;1;12;3;2;No
1;2;6;3;1;No
1;1;11;4;1;No
3;1;12;4;2;No
3;1;12;4;2;No
2;1;12;4;2;No
2;1;12;4;2;No
2;1;12;4;2;No
2;1;12;4;2;No
2;1;12;4;2;No
1;1;11;4;1;No
1;1;11;4;1;No
2;1;12;4;2;No
2;1;11;4;1;No
2;1;11;4;1;No
2;1;11;4;1;No
1;1;11;2;1;No
1;2;6;2;1;No
4;1;11;2;1;No
1;1;11;3;1;No
1;1;11;3;1;No
1;2;6;3;1;No
1;2;11;3;1;No
4;1;11;3;1;No
1;2;6;3;1;No
1;1;11;3;1;No
3;1;11;3;1;No
2;2;6;3;1;No
2;2;6;3;1;No
2;2;6;3;1;No
1;1;11;3;1;No
1;1;11;3;1;No
1;1;11;3;1;No
1;2;6;3;1;No
1;2;6;3;1;No
1;2;6;3;1;No
1;2;6;3;1;No
2;2;6;4;1;No
1;1;11;4;1;No
1;1;11;4;1;No
1;1;11;4;1;No
2;1;11;4;1;No
1;1;11;4;1;No
1;1;11;4;1;No
2;1;11;4;1;No
1;1;11;4;1;No
4;1;11;4;1;No
3;1;11;4;1;No
2;1;11;4;1;No
1;1;11;1;1;No
4;1;12;2;1;No
2;2;11;2;1;No
2;1;11;2;1;No
1;1;11;3;1;No
1;1;11;3;1;No
2;1;11;4;1;No
3;2;4;1;1;No
3;1;12;4;2;No
4;2;4;1;1;No
4;2;4;1;1;No
1;1;4;1;1;No
1;1;11;3;1;No
3;1;11;4;2;No
1;1;12;4;1;No
4;1;12;2;1;No
4;1;12;2;1;No
3;1;12;2;1;No
1;1;1;3;2;No
4;1;1;3;2;No
4;1;11;3;1;No
1;1;1;3;2;No
4;1;1;3;2;No
2;2;11;4;1;No
1;2;11;2;1;No
3;2;11;3;1;No
1;2;7;3;1;No
4;2;11;2;2;No
4;2;11;2;2;No
3;2;11;2;2;No
3;1;11;2;1;No
2;2;7;4;1;No
1;2;11;4;1;No
1;1;12;4;1;No
2;1;11;2;1;No
2;2;11;3;1;No
3;2;11;3;1;No
3;2;5;4;1;No
1;1;11;1;1;No
1;2;11;1;1;No
2;2;5;1;1;No
3;1;4;2;2;No
3;1;4;2;2;No
1;1;11;3;1;No
1;1;11;3;1;No
1;1;11;3;1;No
1;1;11;3;1;No
1;1;11;3;1;No
1;1;11;3;1;No
1;1;11;3;1;No
1;1;11;3;1;No
1;1;11;3;1;No
1;1;11;3;1;No
1;1;11;3;1;No
1;1;11;3;1;No
1;1;11;3;1;No
1;1;11;3;1;No
1;1;11;3;1;No
1;1;11;3;1;No
1;1;11;3;1;No
1;1;11;3;1;No
1;1;11;3;1;No
1;1;11;3;1;No
1;1;11;3;1;No
3;1;11;1;2;No
3;1;11;3;1;No
2;2;11;4;1;No
2;1;12;1;1;No
3;1;11;3;2;No
1;2;6;3;1;No
1;2;6;3;1;No
1;2;6;3;1;No
1;2;6;3;1;No
1;1;11;3;1;No
2;2;6;3;1;No
1;2;6;3;1;No
2;2;6;3;1;No
1;1;11;4;1;No
1;1;11;4;1;No
1;1;11;4;1;No
1;1;11;4;1;No
1;1;11;4;1;No
1;1;11;4;1;No
2;1;11;4;1;No
1;1;11;4;1;No
1;2;12;2;1;No
1;1;11;3;1;No
1;2;6;3;1;No
1;1;11;3;1;No
2;1;11;3;1;No
1;1;12;4;2;No
1;1;12;1;2;No
3;1;12;4;2;No
3;1;12;4;2;No
3;1;12;4;2;No
3;1;12;4;2;No
3;1;12;4;2;No
3;1;12;4;2;No
3;1;12;4;2;No
3;1;12;1;2;No
3;1;12;1;2;No
4;1;12;1;2;No
3;1;12;1;2;No
1;1;1;2;2;No
3;1;12;3;1;No
4;1;10;3;2;No
2;1;4;2;2;No
3;1;8;2;2;No
1;1;12;1;1;No
3;2;11;3;1;No
3;2;11;3;1;No
2;2;11;3;1;No
1;1;11;3;1;No
1;2;11;4;1;No
4;1;11;4;1;No
3;1;11;3;1;No
3;1;11;4;1;No
1;1;6;2;1;No
2;1;4;3;1;No
1;1;4;3;1;No
3;1;12;2;2;No
3;1;12;2;2;No
2;1;11;2;1;No
2;1;12;1;1;No
3;1;12;2;1;No
3;1;12;2;1;No
3;1;12;2;1;No
3;1;9;3;2;No
3;1;9;3;2;No
4;1;9;3;2;No
4;1;9;3;2;No
3;1;9;3;2;No
3;1;9;3;2;No
3;1;9;3;2;No
3;1;9;3;2;No
3;1;9;3;2;No
3;1;9;3;2;No
3;1;9;3;2;No
3;1;9;3;2;No
3;1;9;3;2;No
3;1;9;3;2;No
1;1;4;3;1;No
1;2;11;3;1;No
2;1;4;2;1;No
3;1;4;2;1;No
3;2;11;3;1;No
2;2;11;3;1;No
3;2;11;4;1;No
3;2;11;4;1;No
3;2;11;2;1;No
2;2;11;2;1;No
1;2;11;4;1;No
3;1;11;2;2;No
3;2;11;2;1;No
3;2;11;4;2;No
2;2;11;3;2;No
3;1;11;4;2;No
1;2;6;4;2;No
3;2;5;3;2;No
3;2;5;4;2;No
1;1;10;2;1;No
1;1;10;2;1;No
3;1;12;2;1;No
3;2;11;3;1;No
3;2;12;2;2;No
1;2;7;2;1;No
1;2;7;2;1;No
4;1;10;4;1;No
4;1;4;1;2;No
4;1;4;1;2;No
4;1;4;1;2;No
4;1;4;1;2;No
3;1;4;1;2;No
3;1;9;3;2;No
3;1;9;3;2;No
4;1;9;3;2;No
3;1;9;3;2;No
1;2;11;4;1;No
1;2;11;2;1;No
3;2;5;4;2;No
2;1;12;1;2;No
4;2;11;4;2;No
3;2;11;4;2;No
4;2;11;4;2;No
4;2;11;3;2;No
4;2;11;3;2;No
4;2;11;3;2;No
4;2;11;3;2;No
3;1;12;3;2;No
3;1;12;3;2;No
3;1;12;4;2;No
3;1;12;4;2;No
3;1;12;4;2;No
3;1;12;4;2;No
2;2;11;1;1;No
